id,localized_name
us_m2a4,M2A4
us_m3_stuart,M3 Stuart
us_m3a1_stuart,M3A1 Stuart
us_m5a1_stuart,M5A1
us_m24_chaffee,M24
us_m18_hellcat,M18 GMC
us_m41_walker_bulldog,M41A1
us_t92,T92
us_m551,M551
us_xm_800t,XM800T
us_m3_bradley,M3 Bradley
us_m3a3_bradley,M3A3 Bradley
us_hstv_l,HSTV-L
us_m2_medium,M2
us_m3_lee,M3 Lee
us_sherman_group,M4A1/M4/M4A2
us_m4a1_1942_sherman,M4A1
us_m4_sherman,M4
us_m4a2_sherman,M4A2
us_m4a1_76w_sherman,M4A1 (76) W
us_sherman_76w_group,M4 76(W) A2/A3
us_m4a2_76w_sherman,M4A2 (76) W
us_m4a3e8_76w_sherman,M4A3 (76) W
us_t26_t25_group,M4 T26/T25
us_m4_t26,M4/T26
us_t25,T25
us_m26_pershing,M26
us_m46_patton,M46
us_m47_48_group,M47/M48
us_m47_patton_II,M47
us_m48a1_patton_III,M48A1
us_m60,M60
us_m60_group,M60A1 AOS/RISE
us_m60a1,M60A1 (AOS)
us_m60a1_rise_passive_era,M60A1 RISE (P)
us_m60a3_tts,M60A3 TTS
us_m60_120s,120S
us_m1a1_hc_abrams,M1A1 HC
us_lvt_a_1,LVT(A)(1)
us_m22_locust,M22
us_m6_group,M6A1/T1E1
us_m6a1,M6A1
us_t1e1,T1E1
us_m4a3e2_sherman_jumbo,M4A3E2
us_t1e1_90,T1E1 (90)
us_m4a3e2_76w_sherman_jumbo,M4A3E2 (76) W
us_t26_group,T26 E5/E1-1
us_t26e5,T26E5
us_t26e4_superpershing,T26E1-1
us_t34,T34
us_t32_group,T32/T32E1
us_t32,T32
us_t32e1,T32E1
us_m103,M103
us_t95e1,T95E1
us_mbt_xm_group,MBT/XM
us_xm_803,XM803
us_mbt_70,MBT-70
us_m1_abrams,M1 Abrams
us_abrams_group,M1A1/IPM1
us_m1a1_abrams,M1A1
us_m1_ip_abrams,IPM1
us_abrams_a2_group,M1 A2/A2 SEP
us_m1a2_abrams,M1A2 Abrams
us_m1a2_sep_abrams,M1A2 SEP
us_m1a2_sep2_abrams,M1A2 SEP V2
us_halftrack_m13,M13 MGMC
us_halftrack_m15,M15 CGMC
us_halftrack_m16,M16 MGMC
us_t77e1,T77E1
us_m19_m42_group,M19/M42
us_m19,M19A1
us_m42_duster,M42
us_skink_aa,▃Skink
us_m163_vulcan,M163
us_xm246,XM246
us_m247,M247
us_mim_72_chaparral,Imp.Chaparral
us_lav_ad,LAV-AD
us_xm_975_roland,XM975
us_adats_bradley,ADATS
us_sl_amraam_fcs,CLAWS (СОЦ)
us_m2a2,M2A2
us_m8_scott,M8 HMC
us_halftrack_m3_75mm_gmc,M3 GMC
us_m4a3_105_sherman,M4A3 (105)
us_m10,M10 GMC
us_m44,M44
us_m36_group,M36/M36B2
us_m36,M36 GMC
us_m36b2,M36B2
us_m109a1,M109A1
us_m56_scorpion,M56
us_m50_ontos,M50
us_t95,T95
us_m60a2,M60A2
us_m1128_mgs,M1128
us_m2a4_1st_armor_div,M2A4 (1st Arm.Div.)
us_lvt_a_4,LVT(A)(4)
us_m3a1_stuart_usmc,M3A1 (USMC)
us_m5a1_stuart_canadian_5st_arm,▃Stuart VI (5th CAD)
us_mk1_grant,▃Grant I
us_m4a5_ram_2,M4A5
us_m24_chaffee_tl,M24 (TL)
us_m4_sherman_promo,M4
us_t14,T14
us_m4a3e2_sherman_jumbo_cobra_king,Cobra King
us_kit_3rank_group,Ад на Колёсах
us_m4a3e8_76w_sherman_kit_3rank,Sherman (Hell)
us_m18_hellcat_kit_3rank,Hellcat (Hell)
us_skink_aa_kit_3rank,▃Skink (Hell)
us_m18_super_hellcat,Super Hellcat
us_t20,T20
us_m26_t99,M26 T99
us_m26e1_pershing,M26E1
us_m46_patton_73_armor_bat,"M46 ""Tiger"""
us_m728,M728 CEV
us_t54e2,T54E2
us_t54e1,T54E1
us_m901_itv,M901
us_xm1_chrysler,XM1 (Chrysler)
us_xm1_gm,XM1 (GM)
us_m551_football,us_m551_football
us_m1128_wolfpack,M1128 Wolfpack
us_m1_abrams_kvt,M1 KVT
us_m1a1_abrams_yt_cup_2019,␙M1A1
us_m1a1_aim_abrams,M1A1 AIM
us_m1a1_hc_usmc,M1A1 Click-Bait
us_rdf_lt,RDF/LT
us_lvt_a_1_trb,○LVT(A)(1)
us_m8_greyhound,M8 LAC
us_lvt_4_zis_2,▃LVT(A)(4) (ZIS-2)
us_m5a1_stuart_td,M5A1 TD
us_m8a1,M8A1 GMC
us_t18_e2,T18E2
us_m4_sherman_calliope,Calliope
us_t55e1,T55E1
us_t86,T86
us_m18_hellcat_black_cat,"M18 ""Black Cat"""
us_m18_hellcat_black_cat_race,"M18 ""Гоночный"""
us_t28,T28
us_m551_76,M551(76)
us_t30,T30
us_m6a2e1,M6A2E1
us_t29,T29
us_t114,T114
us_magach_3,▃Magach 3 (ERA)
us_merkava_mk_1,▃Merkava Mk.1
us_merkava_mk_2b_late,▃Merkava Mk.2B
us_xm_8,XM8
us_ccvl,CCVL
us_m60a3_slep,M60 AMBT
us_losat_ccv,LOSAT
us_ags_teledyne,AGS
us_merkava_mk_3d,▃Merkava Mk.3D
ah_1g,AH-1G
uh_1b,UH-1B
uh_1c,UH-1C
ah_1f,AH-1F
ah_1w,AH-1W
ah_1z,AH-1Z
ah_6m,AH-6M
oh_58d,OH-58D
mh_60l_dap,MH-60L DAP
ah_64a,AH-64A
ah_64d,AH-64D
h_34,H-34
uh_1c_xm_30,UH-1C XM-30
yah_64,YAH-64
ah_64a_greece_usa,AH-64A (GR)
ah_64a_peten,▃AH-64A Peten
rah_66,RAH-66
ah_1f_event,AH-1F
p-26a_34_m2,P-26A-34 M2
p-26_group,P-26
p-26a_33,P-26A-33
p-26b_35,P-26B-35
p-400,P-400
p-38_group,P-38 (р)
p-38e,P-38E
p-38g,P-38G-1
p-39_group,P-39
p-39n,P-39N-0
p-39q_5,P-39Q-5
p-63a-5,P-63A-5
p-63_group,P-63
p-63a-10,P-63A-10
p-63c-5,P-63C-5
p-38_late_group,P-38 (п)
p-38j,P-38J-15
p-38l,P-38L-5-LO
f-82e,F-82E
f-80a,F-80A-5
f-80,F-80C-10
f-104_group,F-104
f-104a,F-104A
f-104c,F-104C
f-5e,F-5E
f_16_group,F-16 ранний
f_16a_block_10,F-16A
f_16a_block_15_adf,F-16A ADF
f_16c_block_50,F-16C
p-36a,P-36A
p-36c,P-36C
p-36g,P-36G
p-40_group,P-40
p-40e,P-40E-1
p-40f_10,P-40F-10
p-51c-10-nt,P-51C-10
p-51_early_group,P-51 ранний
p-51_mk1a_usaaf,P-51
p-51d-5,P-51D-5
p-47_ealy_group,P-47 ранний
p-47d_22_re,P-47D-22-RE
p-47d,P-47D-25
p-47_group,P-47
p-47d-28,P-47D-28
p-47n-15,P-47N-15
p-51d-30_usaaf_korea,P-51D-30
p-51h-5_na,P-51H-5-NA
f-84_group,F-84
f-84b,F-84B-26
f-84g,F-84G-21-RE
f_86_group,F-86
f-86a-5,F-86A-5
f-86f-25,F-86F-25
f-86f-2,F-86F-2
f-100d,F-100D
f-4c,F-4C Phantom II
f-4e,F-4E Phantom II
f_15a,F-15A
f_15c_msip2,F-15C MSIP II
bf2c_1,BF2C-1
f3f-2,F3F-2
f2a-1,F2A-1
f2a-3,F2A-3
f4f_group,F4F/F6F
f4f-3,F4F-3
f4f-4,F4F-4
f6f-3,F6F-5
f4u_group,F4U
f4u-1a,F4U-1A
f4u-1a_usmc,F4U-1A (USMC)
f4u-1d,F4U-1D
f4u-4,F4U-4
f8f1,F8F-1
f6f-5n,F6F-5N
f4u_late_group,F4U поздний
f4u-1c,F4U-1C
f4u-4b,F4U-4B
f8f1_group,F8F/F7F
f8f1b,F8F-1B
f7f1,F7F-1
f2h-2,F2H-2
f9f_group,F9F
f9f-2,F9F-2
f9f-5,F9F-5
f9f-8,F9F-8
f3h-2,F3H-2
f8u-2,F8U-2
f-8e,F-8E
f-4j,F-4J Phantom II
fa_18a,F/A-18A
f_14_group,F-14
f_14a_early,F-14A Early
f_14b,F-14B
fa_18c_late,F/A-18C Late
os2u_group,OS2U
os2u_1,OS2U-1
os2u_3,OS2U-3
sb2u_group,SB2U
sb2u-2,SB2U-2
sb2u-3,SB2U-3
tbf_group,TBF/SBD
tbf-1c,TBF-1C
sbd-3,SBD-3
p-51_a-36,A-36
a-20g,A-20G-25
sb2c_group,SB2C
sb2c_1c,SB2C-1C
sb2c_4,SB2C-4
pbj_group,PBJ
pbj_1j,PBJ-1J
pbj_1h,PBJ-1H
p-61c_1,P-61C-1
a-26b_group,A-26B
a-26b_10,A-26B-10
a-26b,A-26B-50
douglas_ad_group,AD/AM-1
douglas_ad_2,AD-2
douglas_ad_4,AD-4
am_1_mauler,AM-1
f3d_1,F3D-1
f-84f,F-84F
a_4b_group,A-4B/FJ-4B
a_4b,A-4B
fj_4b,FJ-4B Fury
av_8c,AV-8C
a_10a_late,A-10A Late
a_7_group,A-7
a_7d,A-7D
a_7e,A-7E
a_10c,A-10C
av_8b_plus,AV-8B Plus
tbd_group,TBD/B-18
tbd-1_1938,TBD-1
b_18a,B-18A
pby_group,PBY-5
pby-5,"PBY-5 ""Catalina"""
pby-5a,"PBY-5A ""Catalina"""
pbm_1,"PBM-1 ""Mariner"""
b_34,B-34
b_25j_1,B-25J-1
b_25j_20,B-25J-20
b_26b_c,B-26B
b-17_group,B-17
b-17e,B-17E
b-17e_late,B-17E/L
pb4y-2,PB4Y-2
b-17_late_group,B-17/B-24
b-17g,B-17G-60-VE
b_24d,B-24D-25-CO
b-29,B-29A-BN
b_57_group,B-57
b-57,B-57A
b-57b,B-57B
f-105d,F-105D
f_111a,F-111A
f_111f,F-111F
f_15e,F-15E
f3f-2_galer,F3F-2 Гэлера
p-36c_rb,○P-36C
f2a-1_thach,F2A-1 Тача
soc_1,SOC-1
o3u_1,O3U-1
os2u_1_naval,OS2U-1
p-40e_td,P-40E-1 TD
ki_43_2_late,▃Ki-43-II
p-51a_tl,P-51A
p-38g_metal,XP-38G
ki_61_1a_otsu_usa,▃Ki-61-Ib
a6m2_zero_usa,▃A6M2
btd-1,BTD-1
xp-55,XP-55
xp-50,XP-50
bf-109f-4_usa,▃Bf 109 F-4
xa_38,XA-38
p-51d-20-na,P-51D-20-NA
p-51d-10,P-51D-10
p-47m-1-re,P-47M-1-RE
p-47m-1-re_boxted,⋠P-47M-1-RE
fw-190a-8_usa,▃Fw 190 A-8
spitfire_ix_usa,▃Spitfire LF Mk.IXc
douglas_a_1h,A-1H
f-89b,F-89B
f-89d,F-89D
a_4e_early,A-4E Early
f_117,F-117
av_8a,AV-8A
a_10a_early,A-10A
f-5c,F-5C
a_6e_tram,A-6E TRAM
f-4s,F-4S Phantom II
ucav_mq_1_predator,MQ-1
f_4e_event,F-4E Phantom II
f_20a,F-20A
fa_18c_early,F/A-18C Early
p-26a_34,P-26A-34
p-36a_rasmussen,P-36A Расмуссена
b_10b,B-10B
sc_1,SC-1
p-40c,P-40C
yp-38,YP-38
p-43a-1,P-43A-1
pbm_3,"PBM-3 ""Mariner"""
xf5f,XF5F
p-61a_1,P-61A-11
pv_2d,PV-2D
p-63c-5_kingcobra_animal_version,␠Kingcobra
pbm_5a,"PBM-5A ""Mariner"""
p-38j_marge,P-38J-15 Бонга
p-38k,P-38K
a-26c,A-26C-45
a-26c-45-dt,A-26C-45DT
p-59a,P-59A
f4u-4b_vmf_214,F4U-4B VMF-214
f4u-6_au-1,AU-1
f2g-1,F2G-1
f7f3,F7F-3
a2d,A2D-1
f-86f-35,F-86F-35
fj_4b_agm_12b,FJ-4B VMF-232
f11f_1_late,F11F-1
f4d_1,F4D-1
f-5a,F-5A
a_7k,A-7K
av_8b_na,AV-8B (NA)
uav_quadcopter,UAV Raven's Eye
ucav_recon_micro,Recon Micro
ucav_recon_micro_flir,Recon Micro
f_14a_iriaf,▄F-14A IRIAF
us_destroyer_clemson_litchfield,USS Litchfield
us_destroyer_farragut_1942,USS Aylwin
us_destroyer_fletcher,USS Fletcher
us_destroyer_porter_1941,USS Porter
us_destroyer_somers,USS Somers
us_cruiser_atlanta_class_atlanta,USS Atlanta
us_cruiser_worcester_class_roanoke,USS Roanoke
us_battleship_texas,USS Texas
us_battleship_arizona_1931,USS Arizona
us_battleship_colorado_class_colorado,USS Colorado
us_destroyer_clemson_barker,USS Barker
us_destroyer_bagley_class_bagley,USS Bagley
us_destroyer_mitscher,USS Mitscher
us_cruiser_omaha_class_trenton,USS Trenton
us_cruiser_omaha_class_raleigh,USS Raleigh
us_cruiser_cleveland_class_cleveland,USS Cleveland
us_cruiser_fargo_brooklyn_group,USS Fargo/USS Brooklyn
us_cruiser_fargo_class,USS Fargo
us_cruiser_brooklyn_class_brooklyn,USS Brooklyn
us_battleship_north_dakota,USS North Dakota
us_battleship_wyoming_class,USS Wyoming
us_battleship_nevada,USS Nevada
us_battleship_tennessee,USS Tennessee
us_battleship_iowa_class_iowa,USS Iowa
us_destroyer_sumner,USS Sumner
us_destroyer_gearing,USS Gearing
us_cruiser_northampton_pensacola_group,USS Northampton/Portland/Pensacola
us_cruiser_northampton_class,USS Northampton
us_cruiser_portland_class,USS Portland
us_cruiser_pensacola_class,USS Pensacola
us_cruiser_new_orleans_class,USS New Orleans
us_cruiser_baltimore_class_pittsburgh,USS Pittsburgh
us_battlecruiser_alaska_class,USS Alaska
us_destroyer_clemson_welborn_c_wood,USS Welborn C. Wood
us_destroyer_mitscher_wilkinson,USS Wilkinson
us_destroyer_gearing_frank_knox,USS Frank Knox
us_destroyer_fletcher_cowell,USS Cowell
us_destroyer_porter_1942,USS Moffett
us_destroyer_fletcher_bennion,USS Bennion
us_cruiser_brooklyn_class_helena,USS Helena
us_cruiser_baltimore_class,USS Baltimore
us_battleship_arkansas,USS Arkansas
us_battleship_mississippi,USS Mississippi
us_destroyer_somers_davis,USS Davis
us_destroyer_porter_1944,USS Phelps
us_cruiser_omaha_class_detroit,USS Detroit
us_cruiser_des_moines_class_newport_news,USS Newport News
us_cruiser_des_moines_class,USS Des Moines
us_pt6,PT-6
us_nasty_ptf,PTF-7
us_elco_80ft_pt_boat,PT-103
us_higgins_78ft_pt71,PT-71
us_elco_80ft_pt_boat_mod01,PT-314
us_elco_80ft_pt_boat_mod02,PT-565
us_tucumcari_pgh2,USS Tucumcari
us_pt812,PT-812
us_pt810,PT-810
us_frigate_tacoma,USS Hoquiam
us_frigate_dealey,USS Dealey
us_elco_77ft_pt20,PT-20
us_huckins_78ft_pt95,PT-95
us_pc_451,PC-451
us_sc_497,SC-497
us_higgins_78ft_pt625,PT-200
us_elco_77ft_pt59,PT-59
us_ashville_class,USS Asheville
us_admirable_class,USS Candid
us_lcs_l_3,LCS(L)(3)
us_frigate_buckley_class_coolbaugh,USS Coolbaugh
us_pgm_59_class,Kim Qui
us_cyclone_class_cyclone,USS Cyclone
us_pt3,PT-3
us_pc_466_carmi,Carmi (PC-466)
us_elco_80ft_pt174,PT-174
us_lcm_zippo,LCM(6) Zippo
us_elco_80ft_pt_boat_thunderbolt,Thunderbolt (PT-556)
us_pt811,PT-811
us_ashville_class_douglas,USS Douglas
us_elco_80ft_pt109_boat,PT-109
us_higgins_78ft_pt658,PT-658
us_flagstaff_pgh1,USS Flagstaff
germ_garford_putilov,Garford-Beute
germ_pzkpfw_35t,Pz.35(t)
germ_pzkpfw_38t_ausf_A,Pz.38(t) A
germ_pzkpfw_38t_group,Pz.38(t) F/n.A.
germ_pzkpfw_38t_ausf_F,Pz.38(t) F
germ_pzkpfw_38t_na,Pz.38(t) n.A.
germ_amd_35_kwk39,Pz.Sp.Wg.P204(f) KwK 39/1
germ_sdkfz_234_2,Sd.Kfz.234/2
germ_dicker_sturer_group,Max/Emil
germ_pzsfl_IVa_dickermax,Dicker Max
germ_pzsflk40_sturer_emil,Sturer Emil
germ_flak_m44_group,Flak Sfl./M44
germ_sdkfz_9_flak37,"8,8 cm Flak 37 Sfl."
germ_m44,M44
germ_waffentrager_group,Nashorn/Waffenträger
germ_panzerjager_nashorn,Nashorn
germ_waffentrager_krupp_steyr,Waffenträger
germ_m109g,M109G
germ_le_kpz_m41,leKPz M41
germ_marder_bmp_group,Marder A1/BMP-1
germ_marder_1a1,Marder A1-
germ_bmp_1_ddr,SPz BMP-1
germ_marder_group,Marder A3/DF105
germ_marder_1a3,Marder 1A3
germ_marder_df_105,DF105
germ_tam_sk_group,TAM/JaPz.K
germ_thyssen_henschel_tam,TAM
germ_sk105_a2,JaPz.K A2
germ_begleitpanzer_57,Begleitpanzer 57
germ_radpanzer_tam_group,R.Kpfw.90/TAM 2C
germ_radpanzer_90,Radkampfwagen 90
germ_thyssen_henschel_tam_2c,TAM 2C
germ_puma_group,Puma/Puma VJTF
germ_schutzenpanzer_puma,PUMA
germ_schutzenpanzer_puma_vjtf,PUMA VJTF
germ_beutepanzer_mk_iv,Beutepanzer IV
germ_prewar_pz_III_group,Pz.III B/E
germ_pzkpfw_III_ausf_E,Pz.III E
germ_pzkpfw_III_ausf_B,Pz.III B
germ_pzkpfw_III_ausf_F,Pz.III F
germ_pzkpfw_III_ausf_J_L42,Pz.III J
germ_pzkpfw_III_ausf_J,Pz.III J1
germ_pzkpfw_III_late_group,Pz.III L/M
germ_pzkpfw_III_ausf_L,Pz.III L
germ_pzkpfw_III_ausf_M,Pz.III M
germ_pzkpfw_VI_ausf_h1_tiger,Tiger H1
germ_pzkpfw_VI_ausf_e_tiger,Tiger E
germ_pzkpfw_VI_ausf_b_tiger_IIp,Tiger II (P)
germ_pzkpfw_VI_ausf_b_tiger_IIh,Tiger II (H)
germ_mkpz_m48a2c,M48A2 C
germ_mkpz_m48a2ga2,M48A2 G A2
germ_kpz_super_group,KPz-70/M48 Super
germ_kpz_70,KPz-70
germ_mkpz_super_m48,M48 Super
germ_kpz_t72m1,◊T-72M1
germ_leopard_2k,Leopard 2K
germ_a7v,A7V
germ_pzkpfw_IV_ausf_C,Pz.IV C
germ_pzkpfw_II_early_group,Pz.II C/F
germ_pzkpfw_II_ausf_C,Pz.II C
germ_pzkpfw_II_ausf_F,Pz.II F
germ_pzkpfw_4_early_group,Pz.IV E/F
germ_pzkpfw_IV_ausf_E,Pz.IV E
germ_pzkpfw_IV_ausf_F,Pz.IV F1
germ_pz_4_fg_group,Pz.IV F2/G
germ_pzkpfw_IV_ausf_F2,Pz.IV F2
germ_pzkpfw_IV_ausf_G,Pz.IV G
germ_pz_4_late_group,Pz.IV H/J
germ_pzkpfw_IV_ausf_H,Pz.IV H
germ_pzkpfw_IV_ausf_J,Pz.IV J
germ_vk_3002m,VK 3002 (M)
germ_pzkpfw_V_ausf_d_panther,Panther D
germ_pzkpfw_V_a_f_group,Panther A/G/F
germ_pzkpfw_V_ausf_a_panther,Panther A
germ_pzkpfw_V_ausf_g_panther,Panther G
germ_pzkpfw_V_ausf_f_panther,Panther F
germ_leopard_I,Leopard I
germ_leopard_1_late_group,Leopard A1A1/1A5
germ_leopard_I_a1,Leopard A1A1
germ_leopard_1a5,Leopard 1A5
germ_leopard_2a4,Leopard 2A4
germ_leopard_2_group,Leopard 2 A5/A6
germ_leopard_2a5,Leopard 2A5
germ_leopard_2a6,Leopard 2A6
germ_leopard_2a5_pso,Leopard 2 PSO
germ_leopard_2a7v,Leopard 2A7V
germ_flakpanzer_1_group,FlakPz I/38(t)
germ_flakpanzer_I_ausf_A,Flakpanzer I
germ_flakpanzer_38t_Gepard,Flakpanzer 38
germ_sdkfz_222,Sd.Kfz.222
germ_sdkfz_6_2_flak36,Sd.Kfz. 6/2
germ_sdkfz_251_21,Sd.Kfz.251/21
germ_flakpanzer_4_group,Ostwind/Wirbelwind
germ_flakpanzer_IV_Ostwind,Ostwind
germ_flakpanzer_IV_Wirbelwind,Wirbelwind
germ_flakpanzer_IV_Ostwind_2,Ostwind II
germ_flakpanzer_zerstorer_45,Zerstörer 45
germ_flakpanzer_IV_Kugelblitz,Kugelblitz
germ_wiesel_1_mk20,Wiesel 1A4
germ_sppz2_luchs_a2,Luchs A2
germ_flakpz_I_Gepard,Gepard
germ_wiesel_gepard_group,Ozelot/Gepard 1A2
germ_wiesel_2_adwc,Ozelot
germ_flakpz_1a2_Gepard,Gepard 1A2
germ_roland_osa_group,Roland/Osa
germ_flarakpz_1,FlaRakPz 1
germ_9a33bm3,◊Osa-AK
germ_9a35_m,Стрела-10М
germ_flarakrad,FlaRakRad
germ_iris_slm_fcs,IRIS-T SLM (СОЦ)
germ_sturmpanzer_221_group,sIG Sfl./Sd.Kfz.221
germ_sturmpanzer_II,15cm sIG 33 B Sfl
germ_sdkfz_221_s_pz_b_41,Sd.Kfz.221 (s.Pz.B.41)
germ_panzerjager_251_group,Panzerjager I/Sd.Kfz.251/9
germ_panzerjager_1,Panzerjäger I
germ_sdkfz_251_9,Sd.Kfz.251/9
germ_marder_stug_a_group,Marder III/StuG III
germ_pzkpfw_38t_Marder_III,Marder III
germ_stug_III_ausf_A,StuG III A
germ_marder_stuh_group,Marder/StuH/StuG
germ_pzkpfw_38t_Marder_III_ausf_H,Marder III H
germ_stuh_III_ausf_G,StuH 42 G
germ_stug_III_ausf_F,StuG III F
germ_stug_III_ausf_G,StuG III G
germ_jagdpanzer_group,Jagdpanzer IV/38(t)
germ_jgdpz_IV_L48,Jagdpanzer IV
germ_jgdpz_38t,Jagdpanzer 38(t)
germ_pz_IV_L70,Panzer IV/70(V)
germ_jagdpanther_group,Jagdpanther/JPz 4-5
germ_panzerjager_panther,Jagdpanther G1
germ_kanonenjagdpanzer,JPz 4-5
germ_panzerjager_tiger_group,Ferdinand/Jagdtiger
germ_panzerjager_tiger_P_ferdinand,Ferdinand
germ_panzerjager_tiger,Jagdtiger
germ_pzh_2000,PzH 2000
germ_spz_oerlikon_raketenautomat,Raketenautomat
germ_raketenjagdpanzer_2,RakJPz 2
germ_raketenjagdpanzer_2_hot,RakJPz 2 (HOT)
germ_wiesel_1_tow,Wiesel 1A2
germ_pzkpfw_35t_romania_mare,Pz.35(t) RM
germ_pzkpfw_II_ausf_C_td,Pz.II C TD
germ_pzkpfw_II_ausf_C_DAK,Pz.II C (DAK)
germ_nbfz_VI,Nb.Fz.
germ_pzkpfw_38t_Aufklarungspanzer,Sd.Kfz. 140/1
germ_panzerwerfer_42,15 cm Pz.W.42
germ_pzkpfw_III_ausf_J_td,Pz.III J1 TD
germ_pzkpfw_III_ausf_N,Pz.III N
germ_kv_2_754r,▀KW II 754 (r)
germ_panzerbefelhswagen_IV_ausf_J,Pz.Bef.Wg.IV J
germ_infanterie_kampfpanzer_churchill,▀Pz.Kpfw. Churchill
germ_t_34_747,▀T 34 747 (r)
germ_sturmpanzer_IV_brummbar,Brummbär
germ_pz_IV_L70_A,Panzer IV/70(A)
germ_kv_1_kwk_40,▀KW I C 756 (r)
germ_panzerbefelhswagen_VI_P,Pz.Bef.Wg.VI P
germ_sturmmorser_sturmtiger,38 cm Sturmmörser
germ_panzerbefelhswagen_jagdpanther,Bfw. Jagdpanther G1
germ_panzerjager_tiger_P_elefant,Elefant
germ_panther_II,Panther II
germ_mkpz_m47,mKPz M47 G
germ_marder_clovis,CLOVIS
germ_erprobungstrager_3_achs_turm,Turm III
germ_thyssen_henschel_tam_2ip,TAM 2IP
germ_leopard_a1a1_120,Leopard A1A1 (L/44)
germ_leopard_c2_mexas,C2A1
germ_boxer_3105,Boxer MGS
germ_vilkas,Vilkas
germ_leopard_2a4m_can,Leopard 2A4M
germ_leopard_2pl,Leopard 2 PL
germ_leopard_2a5_yt_cup_2019,␙Leopard 2A5
germ_sdkfz_251_10,Sd.Kfz.251/10
germ_sdkfz_234_1,Sd.Kfz.234/1
germ_sdkfz_234_3,Sd.Kfz.234/3
germ_amd_35_kwk,Pz.Sp.Wg.P204(f) KwK 38
germ_wwi_group,germ_wwi_group
germ_garford_putilov_event,Garford-Beute
germ_beutepanzer_mk_iv_event,Beutepanzer IV
germ_a7v_event,A7V
germ_pzkpfw_II_ausf_H,Pz.Sfl.Ic
germ_sdkfz_251_22,Sd.Kfz.251/22
germ_sdkfz_234_2_td,Sd.Kfz.234/2 TD
us_m4a2_1944_germ,▀M4 748 (a)
germ_kv_1B_finland,▀KV-IB
germ_sdkfz_234_4,Sd.Kfz.234/4
germ_pzkpfw_VI_tiger_P,VK 45.01 (P)
germ_vsw_flak_41,VFW
germ_tiger_east_west_group,Два Фронта
germ_pzkpfw_VI_ausf_h1_tiger_east,Tiger Ost
germ_pzkpfw_VI_ausf_h1_tiger_west,Tiger West
germ_flakpanzer_IV_Ostwind_2_net,Ostwind Ost
germ_pzkpfw_VI_ausf_h1_tiger_animal_version,␠Tiger
germ_pzkpfw_V_ersatz_m10,Ersatz M10
germ_flakpanzer_V_Coelian,Flakpanzer 341
germ_spz_12_3,SPz 12-3 LGS
germ_pzkpfw_VI_ausf_b_tiger_IIh_sla,Tiger II (H) Sla.16
germ_pzkpfw_VI_ausf_b_tiger_IIh_kwk46,Tiger II (10.5 cm Kw.K)
germ_ru251,Ru 251
germ_pzkpfw_e_100,E-100
germ_pzkpfw_Maus,Maus
germ_vt_1_2,VT1-2
germ_th_800_bismark,Class 3 (P)
germ_leopard_2av,Leopard 2AV
germ_leopard_2_pt14,PT-16/T14 mod.
germ_leopard_2a4_pzbtl_123,Leopard 2 (PzBtl 123)
sa_313b,◄SA 313B Alouette II
uh_1d,◄UH-1D
bo_105pah1,BO 105 PAH-1
bo_105pah1_a1,BO 105 PAH-1A1
tiger_uht,EC-665 Tiger UHT
mi_8tb,◊Mi-8TB
mi_24p_german,◊Mi-24P
bo_105cb2,BO 105 CB-2
mi_24p_german_hfs80,◄Mi-24P HFS 80
tiger_had_spain,▄Tigre HAD-E
bf-109b_2,Bf 109 B-1
bf-109c_1,Bf 109 C-1
bf-109e-1,Bf 109 E-1
bf-109e_group,Bf 109 E
bf-109e-3,Bf 109 E-3
bf-109e-4,Bf 109 E-4
bf-109f_early_group,Bf 109 F (e)
bf-109f-1,Bf 109 F-1
bf-109f-2,Bf 109 F-2
bf-109f_group,Bf 109 F
bf-109f-4,Bf 109 F-4
bf-109f-4_trop,Bf 109 F-4/trop
bf-109g_2_group,Bf 109G (р)
bf-109g-2,Bf 109 G-2/trop
bf-109g-6,Bf 109 G-6
bf-109g_group,Bf 109 G
bf-109g-14,Bf 109 G-14
bf-109g-10,Bf 109 G-10
bf-109k-4,Bf 109 K-4
me-262a_group,Me 262 A
me-262a-1a,Me 262 A-1a
me-262c-1a,Me 262 C-1a
me-262c-2b,Me 262 C-2b
me-163_group,Me 163
me-163b,Me 163B
me-163b-0,Me 163B-0
f-86_german_group,◄CL-13
f-86_canadair_german,◄CL-13A Mk.5
f-86_cl_13b_mk6,◄CL-13B Mk.6
f-86k_late_german,◄F-86K
f-104g,◄F-104G
f-4f_late,◄F-4F
f-4f_kws_lv,◄F-4F KWS LV
ef_2000_block_10,◄EF-2000
he51_group,He 51
he51a1,He 51 A-1
he51b1,He 51 B-1
he51c1,He 51 C-1
he51c1_late,He 51 C-1/L
he_112_group,he_112_group
he_112v_5,He 112 V-5
he_112a_0,He 112 A-0
he_100d_1,He 100 D-1
he_112b_0,He 112 B-0
c_3604,◌С-3604
fw-190a-1,Fw 190 A-1
fw-190a-4_group,Fw 190 A4/A5
fw-190a-4,Fw 190 A-4
fw-190a-5_u2,Fw 190 A-5/U2
fw-190d-9,Fw 190 D-9
fw-190a-5_group,Fw 190 A-5
fw-190a-5_cannons,Fw 190 A-5
fw-190a-8,Fw 190 A-8
fw-190d_group,Fw 190 D
fw-190a-5,Fw 190 A-5/U12
fw-190d-12,Fw 190 D-12
ta-152_group,Ta 152
ta-152h-1,Ta 152 H-1
ta-152c,Ta 152 C-3
he-162a-2,He 162 A-2
mig-15bis_nr23_german,◊MiG-15bis
mig-17p_lim_5p,◊Lim-5P
mig-19s,◊MiG-19S
mig_21_germany_group,◊MiG-21
mig-21_mf,◊MiG-21MF
mig-21_bis_sau,◊MiG-21bis-SAU
mig_23mla,◊MiG-23MLA
mig_29_9_12_germany,◊MiG-29
mig_29_9_12g,◄MiG-29G
do_17z_7,Do 17 Z-7
do_217j_group,Do 217 J
do_217j_1,Do 217 J-1
do_217j_2,Do 217 J-2
ju-88c-6,Ju 88 C-6
do_217n_group,Do 217 N
do_217n_1,Do 217 N-1
do_217n_2,Do 217 N-2
bf_110cf_group,Bf 110 C/F
bf-110c-4,Bf 110 C-7
bf-110f-2,Bf 110 F-2
bf_110g_group,Bf 110 G
bf-110g-2,Bf 110 G-2
bf_110g_4,Bf 110 G-4
me-410a_u2_group,Me 410 (U2)
me-410a-1_u2,Me 410 A-1/U2
me-410b-1_u2,Me 410 B-1/U2
me-410b-6_r3,Me 410 B-6/R3
go229_v3,Ho 229 V3
fiat_g91_r3,◄G.91 R/3
alpha_jet_a,Alpha Jet A
tornado_ids_de_assta1,◄Tornado IDS ASSTA1
hs-123a-1,Hs 123 A-1
ju-87br_group,Ju 87 B/R
ju-87b-2,Ju 87 B-2
ju-87r-2,Ju 87 R-2
ju-87g_group,Ju 87 G
ju-87g_1,Ju 87 G-1
ju-87g_2,Ju 87 G-2
hs-129_group,Hs 129
hs-129b-3,Hs 129 B-3
hs-129b-2,Hs 129 B-2
ju-87d_group,Ju 87 D
ju-87d-3,Ju 87 D-3
ju-87d-5,Ju 87 D-5
me-410a-1_group,Me 410 A
me-410a-1_u4,Me 410 A-1/U4
me-410b-2_u4,Me 410 B-2/U4
me-410a_group,Me 410
me-410a-1,Me 410 A-1
me-410b-1,Me 410 B-1
do_335_group,Do 335
do_335a_1,Do 335 A-1
do_335a_0,Do 335 A-0
fw-190f-8,Fw 190 F-8
me-262a-1a_u4,Me 262 A-1/U4
me-262a-1a_early,Me 262 A-1a/Jabo
f-84f_germany,◄F-84F
mig_23bn,◊MiG-23BN
su_22um3k,◊Su-22UM3K
su_22m4,◊Su-22M4
do_17_group,Do 17
do_17e_1,Do 17 E-1
do_17z_2,Do 17 Z-2
he_111_bv_138_group,He 115/BV 138
he_115c_1,He 115 C-1
bv-138c-1,BV 138 C-1
he-111h-2,He 111 H-3
fw_200c_1,Fw 200 C-1
ju-88a_group,Ju 88 A
ju-88a-1,Ju 88 A-1
ju-88a-4,Ju 88 A-4
he-111h_group,He 111 H
he-111h-6,He 111 H-6
he-111h-16_winter,He 111 H-16
me_264,Me 264
do_217e_group,Do 217 E
do_217e_2,Do 217 E-2
do_217e_4,Do 217 E-4
do_217k_group,Do 217
do_217k_1,Do 217 K-1
do_217m_1,Do 217 M-1
ju-188a-2,Ju 188 A-2
he-177a-5,He 177 A-5
arado_234_group,Ar 234
arado-234,Ar 234 B-2
arado-234c-3,Ar 234 C-3
il_28_german,◊IL-28
hunter_f58a_1971_switzerland,◌Hunter F.58A (1971)
mirage_3s_c70_switzerland,◌Mirage IIIS C.70
f-5e_switzerland,◌F-5E
fa_18c_late_switzerland,◌F/A-18C Late
bf-109a_1,Bf 109 A Флегеля
ju-87r-2_snake,Ju 87 R-2 Libya
fiat_cr42_marcolin,▀C.R.42 CN Марколина
fiat_group,▀CR.42/G.50
fiat_cr42,▀CR.42
fiat_g50_seria2,▀G.50 серия 2
fiat_g50_seria7as,▀G.50 AS серия 7
mc200_group,▀C. 200
mc200_serie3,▀C. 200 серия 3
mc200_serie7,▀C. 200 серия 7
mc-202,▀C. 202
he_112b_1,He 112 B-1/U2
il_2_1942_luftwaffe,▀IL-2 (1942)
bf-110c-6,Bf 110 C-6
yak-1b_luftwaffe,▀Yak-1B
bv-238,BV 238
p-47d_16_re_germany,▀P-47D-16-RE
ta_154a_1,Ta 154 A-1
fw_190a_5_u14,Fw 190 A-5/U14
bf-109g-2_romania,Bf 109 G-2
he_219a_7,He 219 A-7
do_335b_2,Do 335 B-2
tempest_mkv_luftwaffe,▀Tempest Mk.V
ju-288c,Ju 288 C
he-177a-3,He 177 A-3
me-262a1_u1,Me 262 A-1a/U1
sea_hawk_mk100,◄Sea Hawk Mk.100
fiat_g91_r4_german,◄G.91 R/4
hunter_f58_switzerland,◌Hunter F.58
mig-21_sps_k,◄MiG-21 SPS-K
mig-21_bis_lazur,"◊MiG-21 ""Lazur-M"""
tornado_ids_de_wtd61,◄Tornado IDS WTD61
su_22m4_de_wtd61,◄Su-22M4 WTD61
tornado_ids_de_mfg,◄Tornado IDS MFG
fa_18c_switzerland,◌F/A-18C
he51b_2w,He 51 B-2/H
arado-196a-3,Ar 196 A-3
fw-189a-1,Fw 189 A-1
bf-109c_1_promo,Bf 109 C-1
fokker_d7,Fokker D.VII
zeppelin,Zeppelin
wellington_mk1c_luftwaffe,▀Wellington Mk.Ic
he_112b_2,He 112 B-2/U2
h-75a-2_finland,▀Hawk H-75A-2
bf-109e-7,Bf 109 E-7/U2
sm_79_group,▀S.M.79
sm_79_1936,▀S.M.79 серия 1
sm_79_1939,▀S.M.79 серия 8
sm_79_1941,▀S.M.79 AS
sm_79_1943,▀S.M.79 bis/T.M
sm_79_iar,▀S.M.79 B
sm_79_1937,▀S.M.79 серия 4
sm_79_1942,▀S.M.79 bis/N
hs-129b-2_romania,Hs 129 B-2 (Румыния)
p-47d_luftwaffe,▀P-47D
la-5fn_luftwaffe,▀La-5FN
bv-155b-1,BV 155 B-1
bf-109z,Bf 109 Z-1
ju-388j,Ju 388 J
fw-190c,Fw 190 C
fw-190d-13,Fw 190 D-13
he-162a-1,He 162 A-1
me-262a-2a,Me 262 A-2a
ffa_p16,◌FFA P-16
f-4f,◄F-4F Early
mig_23mf_germany,◊MiG-23MF
germ_destroyer_class1924_leopard1932,Leopard
germ_destroyer_class1934a_1944,Z15 Erich Steinbrinck
germ_destroyer_class1934a_1940,Z12 Erich Giese
germ_destroyer_class1936a_mob_z32,Z32
germ_destroyer_class1936c_z46,Z46
germ_cruiser_leipzig_nurnberg_group,Leipzig/Nurnberg
germ_cruiser_leipzig,Leipzig
germ_cruiser_nurnberg,Nürnberg
germ_cruiser_admiral_hipper,Admiral Hipper
germ_battleship_westfalen,SMS Westfalen
germ_battleship_helgoland,SMS Helgoland
germ_battleship_kaiser,SMS Kaiser
germ_battleship_bayern,SMS Bayern
germ_battleship_sachsen,SMS Sachsen
germ_battleship_bismarck,Bismarck
germ_destroyer_class1939_t22,T22
germ_kanonenboot_k2,K2
germ_destroyer_class1936_z20,Z22 Anton Schmitt
germ_destroyer_class1936b,Z43
germ_cruiser_elbing,SMS Elbing
germ_cruiser_emden_1944,Emden
germ_cruiser_koln,Köln
germ_cruiser_admiral_graf_spee,Admiral Graf Spee
germ_battlecruiser_von_der_tann,SMS Von der Tann
germ_battlecruiser_derfflinger,SMS Derfflinger
germ_battlecruiser_ersatz_yorck,Ersatz Yorck
germ_battleship_scharnhorst,Scharnhorst
germ_destroyer_class1924_iltis,Luchs
germ_destroyer_fletcher_zerstorer4,Z4 Zerstörer
germ_destroyer_class1924_jaguar1941,Jaguar
germ_destroyer_class1936c_z47,Z47
germ_destroyer_class1936_z20_karlgalster,Z20 Karl Galster
germ_cruiser_karlsruhe,Karlsruhe
germ_cruiser_prinz_eugen,Prinz Eugen
germ_battleship_nassau,SMS Nassau
germ_battleship_ostfriesland,SMS Ostfriesland
germ_battleship_gneisenau_380mm,Gneisenau
germ_battleship_baden,SMS Baden
germ_destroyer_class1939_t31,T31
germ_destroyer_class1936a_z25,Z25
germ_ls_class,LS 3
germ_s38,S-38
germ_s38b,S-38b
germ_s_100_class,S-100
germ_s_100_s_174_class,S-147
germ_pr_131,V-990
germ_vs10_hydrofoil,VS-10
germ_mz_1,MZ1
germ_minelayer_drache,Drache
germ_type143_albatros,Albatros
germ_pr_206,Pr. 206
germ_rboot_r41,R-41
germ_rboot_r130,R-130
germ_rboot_r301,R-301
germ_sf40_schwere_flakkampffaehre,SF40 тяжёлая
germ_sf40_leichte_flakkampffaehre,SF40 лёгкая
germ_artilleriefahrprahm_typ_d1,AF D1
germ_artilleriefahrprahm_typ_d3,AF D3
germ_escort_typem1935,M-17
germ_type140_jaguar,Jaguar
germ_frigate_koln,Köln
germ_rdm242,Krischan der Große
germ_schutze_class,Schütze
germ_kondor2_class,Bernau
germ_type152_hugin,Hugin
germ_type153_pfeil,Pfeil
germ_ls4_class,LS 4 Esau
germ_km5,KM-5
germ_s_100_s204_lang,S-204 Lang
germ_vs8_hydrofoil,VS-8
germ_escort_typem1943,M-802
germ_skr_pr50_karl_marx,Karl Marx
germ_type143_bussard,Bussard
germ_s_700_s_701,S-701
germ_frigate_koln_lubeck,Lübeck
ussr_bt_5,БТ-5
ussr_bt_7_1937,БТ-7
ussr_bt_7_m,БТ-7М
ussr_t_50,Т-50
ussr_t_34_40_41_group,T-34 (40/41)
ussr_t_34_1941_l_11,Т-34 (1940)
ussr_t_34_1941,Т-34 (1941)
ussr_t_34_42_group,T-34 (42/Э)
ussr_t_34_1942,Т-34 (1942)
ussr_t_34E_STZ,Т-34Э СТЗ
ussr_t_34_1941_57,Т-34-57
ussr_t_34_85_d_5t,Т-34-85 (Д-5Т)
ussr_t_34_85_zis_53,Т-34-85
ussr_t_44,Т-44
ussr_t_44_100,Т-44-100
ussr_t_54_group,T-54 (47/49/51)
ussr_t_54_1947,Т-54 (1947)
ussr_t_54_1949,Т-54 (1949)
ussr_t_54_1951,Т-54 (1951)
ussr_t_55_group,T-55/62
ussr_t_55a,Т-55А
ussr_t_62,Т-62
ussr_t_62_group,T-55АМД/62М-1
ussr_t_55_amd_1,Т-55АМД-1
ussr_t_62m1,Т-62М-1
ussr_t_72a,Т-72А
ussr_t_72b_group,T-72Б/72Б(89)
ussr_t_72b,Т-72Б
ussr_t_72b_1989,Т-72Б (1989)
ussr_t_90a,Т-90А
ussr_t_72b3_2011,Т-72Б3
ussr_t_72b3_arena_m,Т-72Б3А
ussr_t_90m_2020,Т-90М
ussr_t_26_1940,Т-26
ussr_t_28_1938,Т-28 (1938)
ussr_t_28,Т-28
ussr_t_28E,Т-28Э
ussr_kv_1_2_group,КВ-1/2(39)
ussr_kv_1_L_11,КВ-1 (Л-11)
ussr_kv_2_1939,КВ-2 (1939)
ussr_kv_1s,КВ-1С
ussr_kv_1_85_group,КВ-1/85
ussr_kv_1_zis_5,КВ-1 (ЗиС-5)
ussr_kv_85,КВ-85
ussr_is_1,ИС-1
ussr_is_2_1943,ИС-2
ussr_is_2_1944_group,ИС-2 (1944)
ussr_is_2_1944,ИС-2 (1944)
ussr_is_2_1944_321,ИС-2 №321
ussr_is_3,ИС-3
ussr_is_4m,ИС-4М
ussr_t_10m,Т-10М
ussr_object_435,Объект 435
ussr_t_64_group,T-64A/Б
ussr_t_64a_1971,Т-64А (1971)
ussr_t_64_b_1984,Т-64Б
ussr_t_80b,Т-80Б
ussr_t_80u,Т-80У
ussr_t_80bvm,Т-80БВМ
ussr_t_26_4,Т-26-4
ussr_t_60_1941,Т-60
ussr_t_70_1942,Т-70
ussr_t_80,Т-80
ussr_asu_57,АСУ-57
ussr_pt_76b,ПТ-76Б
ussr_asu_85,АСУ-85
ussr_su_100p,СУ-100П
ussr_btr_80a,БТР-80А
ussr_bmp_1_group,БМП-1/Об.906
ussr_bmp_1,БМП-1
ussr_object_906,Объект 906
ussr_bmp_2_group,БМП-2/Об.685
ussr_bmp_2,БМП-2
ussr_object_685,Объект 685
ussr_bmp_3_group,БМП-3/2С25
ussr_bmp_3,БМП-3
ussr_2s25,2C25
ussr_2s25m,2С25М
ussr_garford_putilov,Гарфордъ
ussr_su_5_1,СУ-5-1
ussr_su_76m_1943,СУ-76М
ussr_zis_su_group,ЗиС-30/СУ-57Б
ussr_zis_30,ЗиС-30
ussr_su_57b,СУ-57Б
ussr_su_122,СУ-122
ussr_zsu_29k,ЯГ-10 (29-К)
ussr_su_isu_152_group,СУ/ИСУ
ussr_su_152,СУ-152
ussr_su_85_1943,СУ-85
ussr_isu_152,ИСУ-152
ussr_su_isu_122_group,СУ-85М/ИСУ-122
ussr_su_85m,СУ-85М
ussr_isu_122,ИСУ-122
ussr_isu_su_group,ИСУ-122С/СУ-100
ussr_isu_122s,ИСУ-122С
ussr_su_100_1945,СУ-100
ussr_2s_group,2С1/2С3М
ussr_2s1,2С1
ussr_2s3m,2С3М
ussr_su_122_54,СУ-122-54
ussr_object_268,Объект 268
ussr_2s19_m1,2С19М1
ussr_it_1,ИТ-1
ussr_9p149,Штурм-С
ussr_object_775,Объект 775
ussr_9p157,Хризантема-С
ussr_gaz_4m,ГАЗ-ААА (4М)
ussr_gaz_dshk,ГАЗ-ААА (ДШК)
ussr_gaz_mm_72k,ГАЗ-ММ (72-К)
ussr_btr_zis_group,БТР/ЗиС
ussr_btr_152a,БТР-152А
ussr_zis_43,ЗиС-43
ussr_zis_group,ЗиС/ЗСУ
ussr_zis_12_94KM_1945,ЗиС-12 (94-КМ)
ussr_zsu_37,ЗСУ-37
ussr_btr_152d,БТР-152Д
ussr_btr_zd,БТР-ЗД
ussr_m53_59,M53/59
ussr_zsu_57_2,ЗСУ-57-2
ussr_zsu_23_4m2,ЗСУ-23-4М2
ussr_zsu_37_2,ЗСУ
ussr_zsu_23_4,ЗСУ-23-4В
ussr_zsu_23_4m4,ЗСУ-23-4М4
ussr_9a33bm3,Оса-АКМ
ussr_9a35_m2,Стрела-10М2
ussr_zprk_2s6,2С6
ussr_pantsyr_s1,Панцирь-С1
ussr_t_26_1940_1st_GvTBr,Т-26 (1 Гв.Т.Бр.)
ussr_bt_7_1937_td,БТ-7 TD
ussr_t_35,Т-35
ussr_su_57,СУ-57
ussr_pzkpfw_III_ausf_J_L42,▂T-III
ussr_zut_37,ЗУТ-37
ussr_t_126sp,Т-126
ussr_t_34_1940_l_11,Т-34 (Прототип)
ussr_bt_7a_f32,БТ-7А (Ф-32)
ussr_smk,СМК
ussr_t_34_1941_cast_turret,Т-34 (1 Гв.Т.Бр.)
ussr_t_34E,Т-34Э
ussr_bm_31_12,БМ-31-12
ussr_t_34_57_1943,Т-34-57 (1943)
ussr_kit_3rank_group,В мае 45-го
ussr_is_1_kit_3rank,ИС-1 ('45)
ussr_t_34_85_zis_53_kit_3rank,Т-34-85 ('45)
ussr_sdkfz_251_21_kit_3rank,Ганомаг ('45)
ussr_m4a2_76w_sherman,▂M4A2
ussr_type_65_aa,▂Phòng không T-34
ussr_t_34_85_zis_53_v80,"Т-34-85 ""Партизан"""
ussr_kv_122,КВ-122
ussr_t_34_85E,Т-34-85Э
ussr_su_122P,СУ-122П
ussr_t_44_122,Т-44-122
ussr_t_34_100,Т-34-100
ussr_is_6,ИС-6
ussr_object_120,Объект 120
ussr_to_55,ТО-55
ussr_object_140,Объект 140
ussr_t_55_am,Т-55АМ-1
ussr_bmd_4,БМД-4
ussr_bmd_4m,БМД-4M
ussr_bmp_2m,БМП-2М
ussr_2s38,2С38
ussr_t_72av_turms,Т-72АВ (TURMS-T)
ussr_t_80ud,Т-80УД
ussr_t_80ue1,Т-80У-Е1
ussr_t_26E,Т-26Э
ussr_rbt_5,РБТ-5
ussr_ba_11,БА-11
ussr_bm_8_24,БМ-8-24
ussr_su_76m_5st_kav_corps,СУ-76М (5гв.Кав.Корп)
ussr_su_76d,СУ-76Д
ussr_m3c,▂М-3 Средний
ussr_bm_13n,БМ-13Н
ussr_a_12_mk_2_matilda_2A_F96,"▂МК-II ""Матильда"""
ussr_valentine_mk_9,"▂МК-IX ""Валентин"""
ussr_su_85a,СУ-85А
ussr_kv_2_1940,КВ-2 (1940)
ussr_kv_7_u13,КВ-7 (У-13)
ussr_kv_1e,КВ-1Э
ussr_su_100Y,СУ-100Y
ussr_kv_2_zis_6,КВ-2 (ЗиС-6)
ussr_kv_220,КВ-220
ussr_pzkpfw_V,▂T-V
ussr_t_44_po,Т-44 (ПМ)
ussr_is_2_1944_revenge,"ИС-2 ""Месть"""
ussr_object_248,Объект 248
ussr_type_62,▂Type 62
ussr_2s19_m2,2С19М2
ussr_t_10a,Т-10A
ussr_pt_76_57,ПТ-76-57
ussr_is_7,ИС-7
ussr_object_279,Объект 279
ussr_m551_football,ussr_m551_football
ussr_object_292,Объект 292
ussr_t_72m2_moderna,T-72M2 Moderna
ussr_t_80u_yt_cup_2019,␙Т-80У
ussr_t_80um2,Т-80УМ2
ussr_t_80uk,Т-80УК
ussr_t_80u_race,Т-80У
mi_4av,Ми-4АВ
mi_24a,Ми-24А
mi_24v,Ми-24В
mi_24p,Ми-24П
mi_35m,Ми-35М
mi_28n,Ми-28Н
mi_28nm,Ми-28НМ
mi_8tv,Ми-8ТВ
mi_8amtsh,Ми-8АМТШ
mi_8amtsh_vn,Ми-8АМТШ-ВН
ka_29,Ка-29
ka_52,Ка-52
mi_24d,▂Ми-24Д
ka_50,Ка-50
yak-1_group,Як-1
yak-1_early,Як-1
yak-1b,Як-1Б
yak-7b,Як-7Б
yak-9_group,Як-9
yak-9,Як-9
yak-9b,Як-9Б
yak-9tk_group,Як-9Т/К
yak-9t,Як-9Т
yak-9k,Як-9К
yak-3_group,Як-3/9У
yak-3,Як-3
yak-9u,Як-9У
yak-9up_group,Як-3П/9П
yak-3p,Як-3П
yak-9p,Як-9П
yak-3up_group,Як-3У/9УТ
yak-3u,Як-3У
yak-9ut,Як-9УТ
yak-15_group,Як-15/17
yak-15_early,Як-15П
yak-15,Як-15
yak-17,Як-17
yak-23,Як-23
yak-30d,Як-30Д
yak-38m,Як-38М
yak_141,Як-141
i-16_type5,И-16 тип 5
mig_3_series_1_15,МиГ-3-15
i-16_group,И-16
i-16_type10,И-16 тип 10
i-16_type18,И-16 тип 18
i-16_type24,И-16 тип 24
mig-3_group,МиГ-3
mig_3_series_1_15_bk_pod,МиГ-3-15 (БК)
mig_3_series_34,МиГ-3-34
i-16_type27,И-16 тип 27
i_185_m82,И-185 (М-82)
i_185_m71_standard,И-185 (М-71)
i_225,И-225
mig-9_group,МиГ-9
mig-9,МиГ-9
mig-9_ussr,МиГ-9 (п)
mig-15_group,МиГ-15
mig-15_ns23,МиГ-15
mig-15,МиГ-15бис
mig-17,МиГ-17
mig-19_group,МиГ-19/МиГ-21
mig-19pt,МиГ-19ПТ
mig-21_f13,МиГ-21Ф-13
mig-21_group,МиГ-21
mig-21_smt,МиГ-21СМТ
mig-21_bis,МиГ-21бис
mig-23m_group,МиГ-23
mig_23m,МиГ-23М
mig_23mld,МиГ-23МЛД
mig_29_9_13,МиГ-29
mig_29smt_9_19,МиГ-29СМТ
i-15_group,И-15
i-15_1934,И-15 WR
i-15_1935,И-15 М-22
i-15_1935_moscow,И-15 М-25
i-153_group,И-15бис/И-153 М-62
i-15bis,И-15бис
i-153_m62,И-153 М-62
lagg-3_group,ЛаГГ-3 (р)
lagg-3-8,ЛаГГ-3-8
lagg-3-11,ЛаГГ-3-11
lagg-3_late_group,ЛаГГ-3 (п)
lagg-3-35,ЛаГГ-3-35
lagg-3-66,ЛаГГ-3-66
la_5_group,Ла-5 (р)
la-5_type37_early,Ла-5
la-5_type39,Ла-5Ф
la-5fn,Ла-5ФН
la-7,Ла-7
la-7b-20,Ла-7Б-20
la-9,Ла-9
su-9,Су-9
la_200_group,Ла-200/Ла-15
la_200_toriy,Ла-200
la-15,Ла-15
su-7_group,Су-7Б/БКЛ
su-7b,Су-7Б
su-7bkl,Су-7БКЛ
su_17m2,Су-17М2
su_17m4,Су-17М4
su_27,Су-27
su_27sm,Су-27СМ
su_30sm,Су-30СМ
po-2,По-2
po-2_nw,По-2 Ночная Ведьма
su-2_group,Су-2
bb-1,ББ-1
su-2_mv5,Су-2 МВ-5
su-2_tss1,Су-2 ТСС-1
su-2_m82,Су-2 (М-82)
pe-3_group,Пе-3
pe-3_early,Пе-3 (р)
pe-3,Пе-3
yak_2_kabb,Як-2 КАББ
il_2_1941,Ил-2 (1941)
il-2i_group,Ил-2
il-2i,Ил-2 (1942)
il_2_37_1943,Ил-2-37
pe-3_bis,Пе-3бис
il-2m_group,Ил-2М
il_2m_1943,Ил-2М (1943)
il-2m,Ил-2М тип 3
su-6_m71,Су-6 (М-71Ф)
su-6_am42,Су-6 (АМ-42)
il-10_group,Ил-10
il-10,Ил-10
il-10_1946,Ил-10 (1946)
il_28_group,Ил-28
il_28,Ил-28
il_28sh,Ил-28Ш
su_25,Су-25
su_25t,Су-25Т
su_25sm3,Су-25CM3
sb_group,СБ
sb_2m_100,СБ 2М-100
sb_2m_103c,СБ 2М-103
yak-4,Як-4
ar_group,Ар-2/СБ 2
ar_2,Ар-2
sb_2m_103u_mv3,СБ 2М-103У МВ3
sb_2m_105,СБ 2М-105
sb_2m_103u,СБ 2М-103У
sb_2m_103_mv3,СБ 2М-103 МВ-3
db_3_group,ДБ-3/Ил-4
db_3b,ДБ-3Б
il-4,Ил-4
pe-2_early_group,Пе-2 (р)
pe-2-1,Пе-2-1
pe-2-31,Пе-2-31
pe-2-83,Пе-2-83
er-2_group,Ер-2
er-2_m105_mv3,Ер-2 (М-105)
er-2_m105r_lu2b,Ер-2 (М-105Р) ЛУ
er-2_m105_tat,Ер-2 (М-105) ТАТ
er-2_m105r_tat,Ер-2 (М-105Р) ТАТ
pe-2_late_group,Пе-2 (п)
pe-2-110,Пе-2-110
pe-2-359,Пе-2-359
pe-8_m82,Пе-8
er-2_late_group,Ер-2 (п)
er-2_ach30b_early,Ер-2 (АЧ-30Б) (р)
er-2_ach30b_late,Ер-2 (АЧ-30Б) (п)
tu-2_group,Ту-2
tu-2,Ту-2С
tu-2_postwar,Ту-2С-44
tu-2_postwar_late,Ту-2С-59
tu_4,Ту-4
tu_14t,Ту-14Т
yak-28b,Як-28Б
mig_27_group,МиГ-27
mig_27m,МиГ-27М
mig_27k,МиГ-27К
su_24m,Су-24М
su_34,Су-34
i-15bis_krasnolutsky,И-15бис Краснолуцкого
pby-5a_ussr,"▂PBY-5A ""Каталина"""
hp52_hampden_tbmk1_ussr_utk1,▂Hampden TB Mk.I
tandem_mai,Тандем МАИ
kor_1,КОР-1
lagg-3-4,ЛаГГ-3-4
p-40e_ussr,▂P-40E-1
hurricanemkii_ussr,▂Hurricane Mk.IIB
i-153p,И-153П
i-16_type28,И-16 тип 28
p-39k_1,▂P-39K-1
a_20g_30_ussr,▂A-20G-30
p-39n_su,▂P-39N-0 Покрышкина
p-39q_15,▂P-39Q-15
p-63a-5_ussr,▂P-63A-5
p-47d_ussr,▂P-47D-27
b_25j_30_vvs_ussr,▂B-25J-30
yak-3_eremin,Як-3(р) Ерёмина
su_6_single,Су-6
la-7_dolgushin,Ла-7 Долгушина
be_6,Бе-6
la-11,Ла-11
spitfire_ix_ussr,▂Spitfire Mk.IXc
yak-3_vk107,Як-3 (ВК-107)
l_39za,▂L-39ZA Albatros
su-11,Су-11
mig-15bis_ish,МиГ-15бис ИШ
mig-17_cuba,МиГ-17AC
yak-38,Як-38
mig-21_s,МиГ-21С (Р-13-300)
mig-21_bis_event,МиГ-21бис
su_22m3,Су-22М3
mig_23ml,МиГ-23МЛ
su_33,Су-33
mbr-2,МБР-2-М-34
po-2m,По-2М
tb_3_m17_32,ТБ-3М-17-32
i-153_m62_zhukovskiy,И-153-М62 Жуковского
lagg-3-23,ЛаГГ-3-23
i_29,И-29
il_2_m82,Ил-2 M-82
i_180,И-180С
lagg-3-34,ЛаГГ-3-34
lagg-i-301,И-301
il-2m_mstitel,"Ил-2М ""Мститель"""
yak-9m,Як-9М Головачёва
pe-2-205,Пе-2-205
il_8_1944,Ил-8 (1944)
tis_ma,ТИС МА
itp_m1,ИТП (М-1)
tu-2_early,Ту-2
p-63c-5_ussr,▂P-63C-5
p-63a-10_ussr,▂P-63A-10
su-8,Су-8
fw-190d-9_ussr,▂Fw 190 D-9
yak-3t,Як-3Т
tu-1,Ту-1
bi,БИ
la_174,Ла-174
mig-21_pfm,МиГ-21ПФМ
su-7bmk,Су-7БМК
su_25k,Су-25К
su_25_558arz,Су-25БМ
su_25tm,Су-39
ucav_orion,Орион
ussr_destroyer_frunze,Фрунзе
ussr_destroyer_pr45,Опытный
ussr_destroyer_7_besposhchadny,Беспощадный
ussr_destroyer_moskva,Москва
ussr_destroyer_7y,Сообразительный
ussr_cruiser_krasnyi_kavkaz,Красный Кавказ
ussr_cruiser_krasnyi_krim,Красный Крым
ussr_cruiser_kirov,Киров
ussr_cruiser_chapaev_kutuzov_group,Проект 68
ussr_cruiser_chapayev,Чапаев
ussr_cruiser_sverdlov,Свердлов
ussr_cruiser_mikhail_kutuzov,Михаил Кутузов
ussr_battleship_poltava,Полтава
ussr_battleship_parizhskaya_kommuna,Парижская коммуна
ussr_battleship_novorossiysk,Новороссийск
ussr_battleship_arhangelsk,Архангельск
ussr_battleship_pr23_sovetskij_soyuz,Советский Союз
ussr_destroyer_regele_ferdinand_class_letuchiy,Летучий
ussr_destroyer_pr30_ognevoy,Огневой
ussr_destroyer_pr30bis_bezuprechnyi,Безупречный
ussr_destroyer_pr20_tashkent,Ташкент
ussr_destroyer_pr56_spokoinyy,Спокойный
ussr_destroyer_pr56_bravy,Бравый
ussr_battleship_imperatritsa_mariya,Императрица Мария
ussr_battlecruiser_izmail,Измаил
ussr_battlecruiser_kronshtadt,Кронштадт
ussr_destroyer_kerch,Керчь
ussr_destroyer_7_ryany,Рьяный
ussr_destroyer_pr30bis_smelyi,Смелый
ussr_destroyer_leningrad,Ленинград
ussr_destroyer_pr56_blagorodny,Благородный
ussr_cruiser_kerch,Керчь
ussr_cruiser_zheleznyakov,Железняков
ussr_cruiser_shcherbakov,Щербаков
ussr_battleship_marat,Марат
ussr_battlecruiser_sevastopol,Севастополь
ussr_destroyer_7y_stroyny,Стройный
ussr_cruiser_omaha_class_murmansk,Мурманск
ussr_destroyer_pr41_neustrashimy,Неустрашимый
ussr_cruiser_voroshilov,Ворошилов
ussr_cruiser_maxim_gorky,Максим Горький
ussr_g5_mtb,Г-5
ussr_d3,Д-3
ussr_pr_103_sm4,СМ-4
ussr_mpk_163,МПК-163
ussr_pr_123bis,Пр.123-бис
ussr_pr_123k,Пр.123К
ussr_pr_1204_late,Пр.1204 поздний
ussr_bmo,БМО
ussr_pr_183,Пр.183
ussr_pr_206,Пр.206
ussr_pr_206m,Пр.206-М
ussr_mo_4,МО-4
ussr_od_200,ОД-200
ussr_mpk_122a,МПК Пр.122а
ussr_1124_art,Пр.1124 ранний
ussr_1124_ack,Пр.1124 поздний
ussr_skr_groza_1943,Гроза
ussr_mpk_201m,МПК Пр.201М
ussr_mpk_204,МПК Пр.204
ussr_skr_pr50_jenot,Енот
ussr_mpk_pr1331m,МПК Пр.1331М
ussr_skr_pr159,СКР-1
ussr_pr253l,Пр.253Л
ussr_pr_191,Пр.191
ussr_pr_191m,Пр.191М
ussr_mkl_186,МБК Пр.186
ussr_mbk_161_1944,МБК-161 поздний
ussr_mpk_pr12412,МПК Пр.12412
ussr_mpk_pr11451,МПК Пр.11451
ussr_g5_mtb_shvak,Г-5 (ШВАК)
ussr_ya_5m,Я-5М
ussr_pr_123k_hydrofoils,Пр.123К (А-10бис)
ussr_pr_1204,Пр.1204
ussr_pr_183_egypt_bm_21,Пр.183 БМ-21
ussr_mbk_161_1943,МБК-161 ранний
ussr_mkl_186_mk85,МБК Пр.186 (МК 85)
ussr_skr_pr50plo_rosomacha,Росомаха
ussr_skr_pr35,СКР-7
ussr_g5_rct,ТКА-412
ussr_1124_rct,Пр.1124 Ракетный
ussr_mpk_122bis,МПК Пр.122бис
ussr_mpk_201k,МПК Пр.201К
ussr_mpk_pr12412p,МПК Пр.12412П
ussr_pr_206_race,Пр. 206
uk_a_13_mk1,A13 Mk.I
uk_a_13_mk2,A13 Mk.II
uk_crusader_group,Crusader II/III
uk_crusader_mk_2,Crusader II
uk_crusader_mk_3,Crusader III
uk_cromwell_group,Cromwell V/I
uk_a27m_cromwell_5,Cromwell V
uk_a27m_cromwell_1,Cromwell I
uk_sherman_II,Sherman II
uk_sherman_vc_firefly,Sherman Firefly
uk_challenger_comet_group,Challenger/Comet
uk_a30_challenger,Challenger
uk_a_34_comet,Comet I
uk_centurion_mk_1,Centurion Mk.1
uk_centurion_mk_3,Centurion Mk.3
uk_caernarvon_conqueror_group,Caernarvon/Conqueror
uk_fv221_caernarvon,Caernarvon
uk_conqueror_mk_2,Conqueror
uk_centurion_mk_10,Centurion Mk.10
uk_chieftain_mk_3_5_group,Chieftain 3/5
uk_chieftain_mk_3,Chieftain Mk.3
uk_chieftain_mk_5,Chieftain Mk.5
uk_chieftain_mk_10,Chieftain Mk.10
uk_challenger_group,Challenger Mk.2/Mk.3
uk_challenger_1,Challenger Mk.2
uk_challenger_mk_3,Challenger Mk.3
uk_challenger_2_group,Challenger 2/2F/TES
uk_challenger_II,Challenger 2
uk_challenger_2_dorchester,Challenger 2 (2F)
uk_challenger_2_tes,Challenger 2 TES
uk_challenger_2_lep,Challenger 3 TD
uk_challenger_bn_e_group,Challenger 2BN/2E
uk_challenger_2_bn,Black Night
uk_challenger_2e,Challenger 2E
uk_m3_stuart,Stuart I
uk_m3a1_stuart,Stuart III
uk_valentine_group,Valentine I/XI/IX
uk_valentine_mk_1,Valentine I
uk_valentine_mk_11,Valentine XI
uk_valentine_mk_9,Valentine IX
uk_a_12_mk_2_matilda_2,Matilda III
uk_a_22_mk_1_churchill_1941,Churchill I
uk_churchill_group,Churchill III/NA75
uk_a_22b_mk_3_churchill_1942,Churchill III
uk_churchill_na75,Churchill NA75
uk_a_22f_mk_7_churchill_1944,Churchill VII
uk_charioteer_mk_7,Charioteer Mk.VII
uk_fv4202,FV4202
uk_vickers_mbt_mk_1,Vickers Mk.1
uk_vickers_mbt_mk_3,Vickers Mk.3
uk_vickers_mk_11,Vickers Mk.11
uk_vfm_5,VFM5
uk_vickers_mk7,Vickers Mk.7
uk_a17_mk_1_tetrarch,Tetrarch I
uk_daimler_mk_2,Daimler Mk II
uk_sp_17_pdr_valentine,Archer
uk_3_inch_gun_carrier,Gun Carrier (3-in)
uk_17_pdr_m10_achilles,Achilles
uk_m44,▄M44
uk_a30_sp_avenger,Avenger
uk_fv4005,FV4005
uk_m109a1,▄M109A1
uk_tortoise_conway_group,Tortoise/Conway
uk_a39_tortoise,Tortoise
uk_fv4004_conway,Conway
uk_fv438_swingfire,Swingfire
uk_fv510_zt3_group,Warrior/ZT3A2
uk_fv510_isv,Warrior
uk_ratel_zt3,ZT3A2
uk_fv102_striker,Striker
uk_desert_warrior,Desert Warrior
uk_vickers_mk_6_aa_mk_1,Light AA Mk I
uk_t17e2,Staghound AA
uk_crusader_aa_mk_1,Crusader AA Mk.I
uk_armored_car_mk_2_aa,AEC AA
uk_ystervark_crusader_group,Ystervark/Crusader AA
uk_ystervark_spaa,Ystervark
uk_crusader_aa_mk_2,Crusader AA Mk.II
uk_bosvark,Bosvark
uk_skink_aa,Skink
uk_falcon,Falcon
uk_marksman_za_group,Marksman/ZA-35
uk_chieftain_marksman,Chieftain Marksman
uk_rooikat_za_35,ZA-35
uk_tracked_rapier,Rapier
uk_stormer_group,Stormer AD/HVM
uk_stormer_air_defence,Stormer AD
uk_stormer_hvm,Stormer HVM
uk_9a33_35_group,Osa/Strela
uk_9a33bm2,▄Osa-AK
uk_9a35_m,Стрела-10М
uk_adats_m113a3,ADATS (M113)
uk_mark_v,Mark V
uk_sarc_mk4_a,SARC MkIVa
uk_marmon_herrington_mk_6_2pdr,SARC MkVI (2pdr)
uk_a25_mk_8,Harry Hopkins I
uk_marmon_herrington_mk_6_6pdr,SARC MkVI (6pdr)
uk_concept3_ngac,Concept 3
uk_ratel_group,Ratel 90/20
uk_ratel_90,Ratel 90
uk_ratel_20,Ratel 20
uk_g6_eland_group,G6/Eland
uk_g6_spg,G6
uk_eland_90_mk_7,Eland 90 Mk.7
uk_scimitar_fox_group,Scimitar/Fox
uk_fv107_scimitar,Scimitar
uk_fv721_fox,Fox
uk_rooikat_olifant_group,Rooikat/Olifant Mk.1
uk_rooikat_76,Rooikat Mk.1D
uk_olifant_mk_1a,Olifant Mk.1A
uk_badger,Badger
uk_mttd_olifant_group,MTTD/Olifant Mk.2
uk_rooikat_mttd,Rooikat MTTD
uk_olifant_mk_2,Olifant Mk.2
uk_ttd,TTD
uk_a_13_mk1_3rd_rtr,A13 Mk.I (3rd R.T.R.)
uk_a1e1_independent,Independent
uk_crusader_mk_2_the_saint,"Crusader ""The Saint"""
uk_armored_car_aec_mk_2,AEC Mk II
uk_a27m_cromwell_5_rp3,Cromwell V (RP-3)
uk_m4a5_ram_2,Ram II
uk_17_pdr_m10_achilles_norfolk_yeomanry,Achilles (65 Rg.)
uk_kit_3rank_group,Эхо Оверлорда
uk_sherman_vc_firefly_kit_3rank,Firefly (Overlord)
uk_a30_sp_avenger_kit_3rank,Avenger (Overlord)
uk_crusader_aa_mk_2_kit_3rank,Crusader AA (Overlord)
uk_sherman_ic_firefly,"Sherman IC ""Trzyniec"""
uk_ac4_thunderbolt,A.C.IV
uk_ram_90mm_aa,QF 3.7 Ram
uk_centurion_mk_3_ss11,▄Strv 81 (RB 52)
uk_centurion_action_x,Centurion Action X
uk_centurion_mk_5_avre_era,Centurion Mk.5 AVRE
uk_centurion_mk_5_raac,Centurion Mk.5/1
uk_vijayanta,Vijayanta
uk_khalid,Khalid
uk_challenger_1_mk_3_gulf,Challenger DS
uk_challenger_2_megatron,Challenger 2 OES
uk_a_13_mk2_1939,A13 Mk.II 1939
uk_alecto_mk_1,Alecto I
uk_entente_group,uk_entente_group
uk_garford_putilov_event,Гарфордъ
uk_saint_chamond_event,St-Chamond
uk_mark_v_event,Mark V
uk_mk1_grant,Grant I
uk_matilda_hedgehog,Matilda Hedgehog
uk_churchill_avre,Churchill AVRE Petard
uk_ac1_sentinel,A.C.I
uk_a_33_excelsior,Excelsior
uk_a_22f_mk_7_churchill_crocodile,Churchill Crocodile
uk_a_34_comet_iron_duke,"Comet I ""Iron Duke IV"""
uk_tog_2,TOG II
uk_a_43_black_prince,Black Prince
uk_centurion_mk_2,Centurion Mk.2
uk_centurion_shot_kal_d,▄Sho't Kal Dalet
uk_rooikat_105_td,Rooikat 105
uk_shir_2,FV4030/3
uk_t_90s_bheeshma,Bhishma TWMP
uk_challenger_II_yt_cup_2019,␙Challenger 2
scout_ah_mk1,Scout AH.Mk.1
wasp_has_mk1,Wasp HAS.Mk.1
wessex_mk5,Wessex HU Mk.5
lynx_ah_mk1,Lynx AH.Mk.1
ah_mk1,AH Mk.1 Apache
super_hind_mk3,Superhind
g_lynx,G-LYNX
ah_2_rooivalk,Rooivalk Mk1F CSH
fury_group,Fury
fury_mk1,Fury Mk.I
fury_mk2,Fury Mk.II
hurricane_group,Hurricane
hurricanemkii,Hurricane Mk.IIB/Trop
hurricane_mk1,Hurricane Mk.I/L
typhoon_mk1a,Typhoon Mk.Ia
typhoon_mk1b_late,Typhoon Mk.Ib/L
tempest_mkv,Tempest Mk.V
tempest_mk2,Tempest Mk.II
vampire_fb5,Vampire F.B.5
venom_fb4,Venom FB.4
hunter_f1,Hunter F.1
hunter_f6,Hunter F.6
f-4m_fgr2,Phantom FGR.2
saab_jas39c_south_africa,▄JAS39C
ef_2000_fgr4,Typhoon FGR.4
gladiator_mk2_france,Gladiator Mk.IIF
gladiator_mk2_silver,Gladiator Mk.IIS
gladiator_mk2,Gladiator Mk.II
spitfire_mk1_group,Spitfire (р)
spitfire_mk1,Spitfire Mk.Ia
spitfiremkiia,Spitfire Mk.IIa
spitfiremkii,Spitfire Mk.IIb
spitfire_mk5b_group,Spitfire Mk Vb
spitfire_mk5b,Spitfire Mk.Vb/trop
spitfire_mk5b_notrop,Spitfire Mk.Vb
spitfire_mk9_group,Spitfire Mk.IX
spitfire_ix_early,Spitfire F Mk.IX
spitfire_xvi,Spitfire F Mk.XVI
spitfire_mk5c_group,Spitfire Mk Vc
spitfire_mk5c,Spitfire Mk.Vc/trop
spitfire_mk5c_notrop,Spitfire Mk.Vc
spitfire_mk9e_group,Spitfire F
spitfire_mk14e,Spitfire F Mk.XIVe
spitfire_mk18e,Spitfire F Mk.XVIIIe
spitfire_ix,Spitfire LF Mk.IX
spitfire_griffon_group,Spitfire (Griffon)
spitfire_f22,Spitfire F Mk.22
spitfire_f24,Spitfire F Mk.24
meteor3_group,Meteor F Mk.3
meteor_fmk3,Meteor F Mk.3
meteor_fmk3_navy,Sea Meteor F Mk.3
meteor4_group,Meteor F Mk.4
meteor_fmk4_lw,Meteor F Mk.4 G.41F
meteor_fmk4_sw,Meteor F Mk.4 G.41G
meteor_fmk8,Meteor F Mk.8 G.41K
javelin_fmk9,Javelin F.(A.W.) Mk.9
lightning_f6,Lightning F.6
tornado_f3,Tornado F.3
tornado_f3_late,Tornado F.3 Late
nimrod_mk1,Nimrod Mk.I
nimrod_mk2,Nimrod Mk.II
gladiator_mk2_navy,Sea Gladiator Mk.I
hurricane_mk1b,Sea Hurricane Mk.IB
hurricane_mk1c,Sea Hurricane Mk.IС
firebrand_tf4,Firebrand TF.Mk.IV
firefly_group,Firefly
firefly_mk1,Firefly F.Mk.I
firefly_mk5,Firefly FR.Mk.V
seafire_mk3,Seafire LF Mk.III
seafire_group,Seafire
seafire_mk17,Seafire F.Mk.XVII
seafire_fr47,Seafire FR.47
sea_fury_fb11,Sea Fury FB.11
attaker_fb1,Attacker FB.1
sea_hawk_group,Sea Hawk/Sea Venom
sea_hawk_fga6,Sea Hawk FGA.6
sea_venom_faw20,Sea Venom FAW 20
scimitar_f1,Scimitar F Mk.1
harrier_frs1_early,Sea Harrier FRS.1 (e)
f-4k,Phantom FG.1
sea_harrier_fa2,Sea Harrier FA 2
v_156_b1,Chesapeake Mk I
blenheim_group,Blenheim/Beaufort
blenheim_mkiv,Blenheim Mk.IV
beaufort_mkviii,Beaufort Mk.VIII
hurricane_mk4,Hurricane Mk.IV
beaufighter_group,Beaufighter
beaufighter_mk6c,Beaufighter Mk.VIc
beaufighter_mkx,Beaufighter Mk.X
beaufighter_mk21,Beaufighter Mk.21
tempest_mkv_vikkers,Tempest Mk.V (Vickers P)
mosquito_group,Mosquito
mosquito_fb_mk6,Mosquito FB.Mk.VI
mosquito_fb_mk18,Mosquito FB.Mk.XVIII
brigand_group,Brigand/Whirlwind
brigand_b1,Brigand B 1
whirlwind_mk1,Whirlwind Mk I
hornet_mk3,Hornet Mk.III
swift_f1,Swift F.1
swift_f7,Swift F.7
jaguar_gr1,Jaguar GR.1
harrier_gr3,Harrier GR.3
jaguar_gr1a,Jaguar GR.1A
harrier_gr7,Harrier GR.7
hp_12,H.P.12
swordfish_mk1,Swordfish Mk.I
hampden_group,Hampden Mk.I
hp52_hampden_mk1_late,Hampden Mk.I
hp52_hampden_tbmk1,Hampden TB Mk.I
sunderland_group,Sunderland
sunderland_mk3a,Sunderland Mk. IIIa
sunderland_mk5,Sunderland Mk.V
wellington_group,Wellington
wellington_mk1c,Wellington Mk.Ic
wellington_mk1c_late,Wellington Mk.Ic/L
wellington_late_group,Wellington (п)
wellington_mk3,Wellington Mk.III
wellington_mk10,Wellington Mk.X
halifax_mk3,Halifax B Mk.IIIa
stirling_group,Stirling
stirling_mk1,Stirling B.Mk.I
stirling_mk3,Stirling B.Mk.III
lancaster_group,Lancaster
lancaster_mk1,Lancaster B.Mk.I
lancaster_mk3,Lancaster B.Mk.III
lincoln_group,Lincoln/Shackleton
lincoln_b2,Lincoln B.Mk.II
shackleton_mr_mk_2,Shackleton MR.Mk.2
canberra_group,Canberra B
canberra_bmk2,Canberra B.Mk.2
canberra_bimk6,Canberra B(I).Mk.6
buccaneer_s2,Buccaneer S.2
buccaneer_s2b,Buccaneer S.2B
f_111c_raaf,F-111C
tornado_gr1,Tornado GR.1
tornado_gr4,Tornado GR.4
gladiator_mk2_tuck,Gladiator Mk.II Така
wirraway,▄Wirraway
osprey_mk4,Osprey Mk IV
walrus_mk1,Walrus Mk.I
fairey_3f_mk3b,Fairey IIIF Mk.IIIB
avenger_mk1,▄Avenger Mk.II
hudson_mk_v,▄Hudson Mk.V
b_48_firecrest,Firecrest
corsair_fmk2,▄Corsair F Mk II
spitfiremkiia_ep,Spitfire Mk.IIa Venture I
d_520,▄D.520
d_521,▄D.521
hellcat_fmk1,▄Hellcat Mk.II
thunderbolt_mk1,▄Thunderbolt Mk.1
p-51b,▄Mustang Mk.IA
mb_5,MB.5
hornet_mk1,Hornet Mk.I
spitfire_ix_plagis,Spitfire LF Mk.IXc Плагиса
strikemaster_mk88,Strikemaster Mk.88
meteor_fmk8_reaper,Meteor F Mk.8 Reaper
dh_110_sea_vixen,Sea Vixen F.A.W. Mk.2
lightning_f53,Lightning F.53
harrier_gr1,Harrier GR.1
harrier_frs1,Sea Harrier FRS.1
f-4jk,F-4J(UK) Phantom II
mig-21_bison,▄MiG-21 Bison
spad_13,SPAD S.XIII
swordfish_mk2,Swordfish Mk.II
pby-5a_raf,▄Catalina Mk. IIIa
intruder_mk_1,▄Havoc Mk.I
beaufighter_mk1_40mm,Beaufighter Mk I (40-mm)
boston_mk_1,▄Boston Mk.I
db_7,▄DB-7
hurricane_mk1_late_ep,Hurricane Mk.I/L FAA M
f4f-4_martlet_mk4,▄Martlet Mk.IV
boomerang_mki,▄Boomerang Mk.I
boomerang_mkii,▄Boomerang Mk.II
typhoon_mk1b,Typhoon Mk.Ib
whirlwind_p9,Whirlwind P.9
spitfire_mk9c_4cannons,Spitfire F Mk.IXc
wyvern_s4,Wyvern S.4
spitfire_mk14c,Spitfire F Mk.XIVc
spitfire_fr_mk14e,Spitfire FR Mk.XIVe Прендергаста
attaker_fb2,Attacker FB.2
marut_mk1,▄HF-24
buccaneer_s1,Buccaneer S.1
hunter_f9_rhodesia,Hunter FGA.9
jaguar_is,Jaguar IS
harrier_t10,Harrier T.10
uk_destroyer_v_class_vega,HMS Vega
uk_destroyer_hunt_2series,HMS Calpe
uk_destroyer_tribal,HMS Eskimo
uk_destroyer_n_class,HMAS Nepal
uk_destroyer_battle_group,HMAS Tobruk/HMS Armada
uk_destroyer_battle_2series,HMS Armada
uk_destroyer_battle_tobruk,HMAS Tobruk
uk_cruiser_arethusa,HMS Arethusa
uk_cruiser_leander,HMNZS Leander
uk_cruiser_southampton,HMS Southampton
uk_battleship_dreadnought,HMS Dreadnought
uk_battleship_orion,HMS Orion
uk_battleship_marlborough,HMS Marlborough
uk_battleship_q_elizabet_class_warspite,HMS Warspite
uk_battleship_vanguard,HMS Vanguard
uk_destroyer_g_grafton,HMS Grafton
uk_destroyer_hunt_4series,HMS Brissenden
uk_destroyer_k_class,HMS Kelvin
uk_destroyer_daring_group,HMS Diana/HMS Daring
uk_destroyer_daring_class_diana,HMS Diana
uk_destroyer_daring_class_daring,HMS Daring
uk_cruiser_dido,HMS Dido
uk_cruiser_york,HMS York
uk_battleship_colossus,HMS Colossus
uk_battleship_rodney,HMS Rodney
uk_destroyer_clemson_churchill,HMS Churchill
uk_minelayer_abdiel_class_abdiel,HMS Abdiel
uk_cruiser_enterprise_d52,HMS Enterprise
uk_cruiser_hawkins,HMS Hawkins
uk_cruiser_kent_norfolk_group,Тип County
uk_cruiser_kent,HMS Kent
uk_cruiser_norfolk,HMS Norfolk
uk_cruiser_london,HMS London
uk_battlecruiser_invincible,HMS Invincible
uk_battlecruiser_glorious,HMS Glorious
uk_battlecruiser_queen_mary,HMS Queen Mary
uk_battlecruiser_repulse,HMS Repulse
uk_battlecruiser_hood,HMS Hood
uk_destroyer_v_class_verdun,HMS Verdun
uk_destroyer_v_class_valhalla,HMS Valhalla
uk_destroyer_j_class,HMS Jervis
uk_destroyer_tribal_mohawk,HMS Mohawk
uk_destroyer_haida,HMCS Haida
uk_destroyer_daring_class_diamond,HMS Diamond
uk_cruiser_liverpool,HMS Liverpool
uk_cruiser_belfast,HMS Belfast
uk_battleship_iron_duke,HMS Iron Duke
uk_battlecruiser_renown,HMS Renown
uk_battleship_q_elizabet_class_barham,HMS Barham
uk_destroyer_clemson_montgomery_g95,HMS Montgomery
uk_destroyer_g_garland,ORP Garland
uk_destroyer_battle_cadiz,HMS Cadiz
uk_cruiser_tiger,HMS Tiger
uk_mtb_1series,MTB-1(1)
uk_mtb35_vosper,MTB-35
uk_fairmile_a_ml100,Fairmile A (ML100)
uk_70ft_mgb,MGB-61
uk_fairmile_b_ml345,Fairmile B (ML345)
uk_dark_class,Dark Adventurer
uk_71ft_mtb460,MTB-460
uk_dark_class_mtb,Dark Aggressor
uk_fairmile_d_617_632,Fairmile D (617)
uk_fairmile_d_697_800,Fairmile D (697)
uk_sgb_304,SGB Grey Fox
uk_brave_borderer,Brave Borderer
uk_destroyer_restigouche_class_terranova,HMCS Terra Nova
uk_frigate_leopard,HMS Leopard
uk_mtb_vosper_1series,MTB Vosper
uk_mtb_vosper_2series,MTB Vosper(2)
uk_hdml_ml1383,ML 1383
uk_isles_class_trawler,HMS Liscomb
uk_flower_class,HMCS Brantford
uk_fairmile_c,Fairmile C (312)
uk_fairmile_lcs_l_h_mk2,Fairmile H LCS(L)(2)
uk_fairmile_d_601_616,Fairmile D (601)
uk_attack_class_arrow,HMAS Arrow
uk_fremantle_class,HMAS Fremantle
uk_fairmile_c_332,Fairmile C (332)
uk_corvette_peacock,HMS Peacock
uk_frigate_whitby_blackpool,HMS Blackpool
uk_mtb_2series,MTB-1(2)
uk_71ft_mgb,MGB-75
uk_gay_class_archer,HMS Gay Archer
uk_fairmile_d_5001_5029,Fairmile D (5001)
uk_sgb_309,SGB Grey Goose
uk_corvette_orla,LÉ Orla
uk_frigate_whitby,HMS Whitby
uk_higgins_78ft_mtb422,MTB-422
uk_dark_class_mtb_td,Dark Aggressor TD
uk_frigate_river,HMS Spey
jp_type_95_ha_go,Ha-Go
jp_type_98_ke_ni,Ke-Ni
jp_type_2_ka_mi,Ka-Mi
jp_m24_chaffee,▅M24
jp_m4a3e8_76w_sherman,▅M4A3 (76) W
jp_m41_walker_bulldog,▅M41A1
jp_type_60_group,Type 60 SPRG/ATM
jp_type_60_sprg,Type 60 SPRG (C)
jp_type_60_atm,Type 60 ATM
jp_type_87_rcv_prot,Type 87 RCV (P)
jp_type_87_89_group,Type 87/89
jp_type_87_rcv,Type 87 RCV
jp_type_89,Type 89
jp_icv_ifv_prototype,ICV (P)
jp_type_10_prototype,TKX (P)
jp_type_89b_i_go_otsu,I-Go Ko
jp_type_97_chi_ha,Chi-Ha
jp_type_2_ho_i,Ho-I
jp_type_97_kai,Chi-Ha Kai
jp_type_1_chi_he,Chi-He
jp_type_3_chi_nu,Chi-Nu
jp_chi_to_group,Chi-To/Chi-To Late
jp_type_4_chi_to,Chi-To
jp_type_4_chi_to_late,Chi-To Late
jp_type_5_chi_ri,Chi-Ri
jp_st_group,ST-A1/ST-A2
jp_st_a1,ST-A1
jp_st_a2,ST-A2
jp_type_61_sta_group,Type 61/ST-A3
jp_type_61,Type 61
jp_st_a3,ST-A3
jp_m47_patton_II,▅M47
jp_type_74_stb_group,STB-2/Type 74
jp_st_b1,STB-2
jp_type_74_c,Type 74 (C)
jp_type_74_group,Type 74 E/F
jp_type_74,Type 74 (E)
jp_type_74_f,Type 74 (F)
jp_type_90_group,Type 90/90B
jp_type_90,Type 90
jp_type_90b,Type 90 (B)
jp_type_10_group,Type 10/TKX
jp_type_10,Type 10
jp_tkx_prot,TKX
jp_type_4_ho_ro,Ho-Ro
jp_hiro_sha,Ro-Go Exp.
jp_ho_ni_group,Ho-Ni I/III
jp_type_3_ho_ni_I,Ho-Ni I
jp_type_3_ho_ni_III,Ho-Ni III
jp_navy_120mm_spg,Chi-Ha LG
jp_type_5_na_to,Na-To
jp_m44,▅M44
jp_m36b2_jgsdf,▅M36
jp_type_75,Type 75 SPH
jp_type_99,Type 99
jp_type_5_ho_ri_production,Ho-Ri Production
jp_type_16_mcv_prot,Type 16 (P)
jp_type_16,Type 16
jp_type_94,Type 94
jp_type_98_ta_se,Ta-Se
jp_halftrack_m16,▅M16 MGMC
jp_type_95_so_ki,So-Ki
jp_m19,▅M19A1
jp_m42_duster,▅M42
jp_sub_i_ii_20mm,SUB-I-II
jp_type_87,Type 87
jp_type_93,Type 93
jp_type_81_tansam,Type 81 (C)
jp_type_81_tansam_fcs,Tan-SAM Kai (СОЦ)
jp_type_95_ha_go_commander,Ha-Go Commander
jp_type_95_heavy,Ro-Go
jp_type_97_chi_ha_12cm,Chi-Ha Short Gun
jp_type_1_chi_he_5th_regiment,Chi-He (5th Regiment)
jp_type_3_chi_nu_75cm_type_5,Chi-Nu II
jp_pzkpfw_VI_ausf_e_tiger,▅Heavy Tank No.6
jp_type_5_ho_ri_prototype,Ho-Ri Prototype
jp_type_75_mlrs,Type 75 MLRS
jp_type_74_red_star,Type 74 Red Star
jp_type_16_mod,Type 16 (FPS)
jp_icv_prototype,RCV (P)
jp_type_90b_camo,"Type 90 (B) ""Fuji"""
jp_type_3_ka_chi,Ka-Chi
jp_type_97_kai_td,Chi-Ha Kai TD
jp_type_74_mod_g_kai,Type 74 (G)
uh_1b_japan,▅UH-1B
ah_1s_early,▅AH-1E
ah_1s_late,AH-1S
ah_64d_japan,AH-64DJP
ah_1s,AH-1S Kisarazu
f1m2,F1M2
a5m4,A5M4
a6m2_n1k1_group,A6M2/N1K1
a6m2_n_zero,A6M2-N
n1k1_kyuofu,N1K1
a6m2_group,A6M2
a6m2_mod11,A6M2 mod. 11
a6m2_zero,A6M2
a6m3_mod22_group,A6M3
a6m3_zero,A6M3
a6m3_mod22_zero,A6M3 mod. 22
a6m3_mod22ko_zero,A6M3 mod. 22Ko
a6m5_zero,A6M5
a6m5_group,A6M5
a6m5otsu,A6M5 otsu
a6m5hei,A6M5 Hei
a7m2,A7M2
n1k2_group,N1K
n1k1_ja,N1K1-Ja
n1k2_j,N1K2-J
n1k2_jko,N1K2-Ja
kitsuka,Kikka
f-86_japan_group,F-86F▅
f-86f-30_japan,F-86F-30 ▅
f-86f-40_japan,F-86F-40 ▅
f-104j,F-104J
f-4ej,F-4EJ Phantom II
f-4ej_kai,F-4EJ Kai Phantom II
f_15j,F-15J
f_15j_kai,F-15J(M)
ki-10_group,Ki-10
ki_10_1,Ki-10-I
ki_10_2,Ki-10-II
ki_10_1_commander,Ki-10-I К
ki_10_2_commander,Ki-10-II К
ki-27_otsu,Ki-27 otsu
ki-43_group,Ki-43
ki_43_1,Ki-43-I
ki_43_2,Ki-43-II
ki_44_group,Ki-44
ki_44_1,Ki-44-I
ki_61_1a_ko,Ki-61-I ko
ki_61_group,Ki-61
ki_44_2_hei,Ki-44-II hei
ki_61_1a_otsu,Ki-61-I otsu
ki_43_3_otsu,Ki-43-III otsu
ki_61_late_group,Ki-61-I late
ki_61_1a_tei,Ki-61-I tei
ki_61_2_early,Ki-61-II Otsu Kai
ki_100_early,Ki-100
ki_61_1a_hei,Ki-61-I hei
ki_84_group,Ki-84 (р)
ki_84_ko,Ki-84 ko
ki_84_otsu,Ki-84 otsu
ki_84_hei,Ki-84 hei
j8m1,Ki-200
t2,T-2
f1,F-1
a_7e_thailand,▄A-7E
av_8s_late_thailand,▄AV-8S Late
f_16aj,F-16AJ
f_2a,F-2A
ki-45_eraly_group,Ki-45 (р)
ki-45_tei,Ki-45 tei
ki-45_otsu,Ki-45 otsu
ki-45_group,Ki-45
ki-45_ko,Ki-45 ko
ki-45_hei,Ki-45 hei
ki_109,Ki-109
j1n1_mod11_early,J1N1
ki_102_otsu,Ki-102 otsu
ki_108,Ki-108 Kai
j2m2,J2M2
j5n1,J5N1
j7w1,J7W1
j2m_group,J2M
j2m3,J2M3
j2m5,J2M5
ki-83,Ki-83
f-84g_thailand,▄F-84G-21-RE
alpha_jet_a_thailand,▄Alpha Jet A
alpha_jet_th_phase_1,▄Alpha Jet TH
f-5a_thailand,▄F-5A
f-5t_thailand,▄F-5T SCU
f_16a_block_15_ocu_thailand,▄F-16A OCU
saab_jas39c_thailand,▄JAS39C
b5n2,B5N2
d3a1,D3A1
b6n1,B6N1 Model 11
b6n_group,B6N
b6n2,B6N2 Model 12
b6n2a,B6N2a Model 12Ko
d4y_group,D4Y
d4y1,D4Y1
d4y2,D4Y2
d4y3,D4Y3 Ko
p1y1_mod11,P1Y1 mod. 11
b7a2,B7A2
r2y2_group,R2Y2
r2y2_v1,R2Y2 Kai V1
r2y2_v2,R2Y2 Kai V2
r2y2_kai,R2Y2 Kai V3
ki_32,Ki-32
ki_21_1ko,Ki-21-Ia
h6k4,H6K4
g4m1,G4M1
h8k2,H8K2
ki_49_1_group,Ki-49 (р)
ki-49_1,Ki-49-I
ki-49_2a,Ki-49-IIa
ki_49_2_group,Ki-49 (п)
ki-49_2b,Ki-49-IIb
ki-49_2b_late,Ki-49-IIb/L
g5n1,G5N1
ki_67_group,Ki-67
ki_67_1_ko,Ki-67-I Ko
ki_67_1_otsu,Ki-67-I otsu
g8n1,G8N1
a5m4_hagiri,A5M4 Хагири
ki-27_otsu_ep,Ki-27 otsu Tachiarai
a7he1,A7He1
ki_44_1_ep,Ki-44-I 34
ki_44_2_otsu,Ki-44-II otsu
h8k3,H8K3
ki-96,Ki-96
ki_100_2,Ki-100-II
sb2c_5_thailand,▄SB2C-5
b-17e_japan,▅B-17E
a7m1,A7M1 (NK9H)
ki_61_1a_hei_ep,Ki-61-I hei Тада
j2m4_kai,J2M4 Kai
j2m5_30mm,J2M5 (Type 5)
ki_87,Ki-87
f-86f-40_japan_blue_impulse,F-86F-40 JASDF▅
t2_early,T-2 Early
av_8s_thailand,▄AV-8S
f-5e_fcu_thailand,▄F-5E FCU
f_2a_adtw,F-2A ADTW
e7k2,E7K2
e8n2,E8N2
aichi_e13a,Aichi E13A1
ki_48_2_otsu,Ki-48-II otsu
ki_21_1hei,Ki-21-I hei
bf-109e-3_japan,▅Bf 109 E-7
f4u-1a_japan,▅F4U-1A
p-51c-11-nt_japan,▅P-51C-11-NT
b7a2_homare_23,B7A2 (Homare 23)
a6m6c,A6M6c
a6m5ko,A6M5 Ко
fw-190a-5_japan,▅Fw 190 A-5
ki_94_2,Ki-94-II
j6k1,J6K1
f-4ej_adtw,F-4EJ ADTW
jp_destroyer_momi,IJN Momi
jp_destroyer_matsu,IJN Matsu
jp_destroyer_harukaze,JDS Harukaze (DD-101)
jp_destroyer_murasame,JDS Murasame (DD-107)
jp_destroyer_akizuki,IJN Akizuki
jp_cruiser_kako,IJN Kako
jp_cruiser_furutaka_aoba_group,IJN Furutaka/Aoba
jp_cruiser_furutaka,IJN Furutaka
jp_cruiser_aoba,IJN Aoba
jp_cruiser_haguro,IJN Haguro
jp_cruiser_tone,IJN Tone
jp_battleship_fuso,IJN Fuso
jp_battleship_yamato,IJN Yamato
jp_destroyer_mutsuki,IJN Mutsuki
jp_destroyer_hatsuharu,IJN Hatsuharu
jp_destroyer_fubuki,IJN Ayanami
jp_destroyer_yugumo,IJN Yugumo
jp_cruiser_isuzu,IJN Isuzu
jp_cruiser_kuma,IJN Tama
jp_cruiser_sendai,IJN Sendai
jp_cruiser_agano,IJN Agano
jp_cruiser_mogami_suzuya,IJN Suzuya
jp_cruiser_mogami,IJN Mogami
jp_battleship_hyuga,IJN Hyuga
jp_battleship_ise,IJN Ise
jp_battlecruiser_amagi,IJN Amagi
jp_armoredcruiser_ikoma,IJN Ikoma
jp_battleship_settsu,IJN Settsu
jp_battlecruiser_kongo,IJN Kongo
jp_battleship_mutsu,IJN Mutsu
jp_destroyer_satsuki,IJN Satsuki
jp_destroyer_nenohi,IJN Nenohi
jp_destroyer_yugure,JDS Yūgure (DD-184)
jp_destroyer_yukikaze,IJN Yukikaze
jp_destroyer_kiyoshimo,IJN Kiyoshimo
jp_cruiser_yubari,IJN Yubari
jp_destroyer_shimakaze,IJN Shimakaze
jp_cruiser_myoko,IJN Myoko
jp_cruiser_mogami_mikuma,IJN Mikuma
jp_battleship_yamashiro,IJN Yamashiro
jp_destroyer_hayanami,IJN Hayanami
jp_destroyer_hatsuzuki,IJN Hatsuzuki
jp_destroyer_yuudachi,IJN Yuudachi
jp_armoredcruiser_kurama,IJN Kurama
jp_battlecruiser_haruna,IJN Haruna
jp_battlecruiser_kirishima,IJN Kirishima
jp_t14_class,Type T-14
jp_t14_class_mod02,Type T-14 (mod. 2)
jp_type5_escortboat,Type 5
jp_karotei_type2,Type 4 (mod. 2)
jp_sehatei_mod1,Ha-Go (mod. 1)
jp_kusen_tei_13_1944,Type K-8 No.13 поздний
jp_t51b,Type T-51b
jp_type_11_pt_15,PT-15
jp_escort_ikazuchi_class,Ikazuchi
jp_escort_hiburi_class_syonan,Syonan
jp_yuri_class_asagao,Asagao (YTE-01)
jp_destroyer_chidori,Chidori
jp_type_t1_1941,Type T-1
jp_abtei_pr1,Soukou-Tei
jp_abtei_pr4,Soukou-Tei No.4
jp_type38_1944,Type T-38
jp_type1_pt2,PT-802
jp_no1_ch2,Type K-3 No.1
jp_no4_ch8,Type K-7 No.4
jp_type7_pt808,PT-808
jp_escort_chikugo_class,Chikugo
jp_destroyer_isuzu,Isuzu
jp_destroyer_ayanami,JDS Ayanami (DD-103)
jp_t14_class_mod01,Type T-14 (mod. 1)
jp_kusen_tei_13_1942,Type K-8 No.13
jp_karotei_type4,Type 4 (mod. 4)
jp_t51a,Type T-51a
jp_escort_akebono_class,Akebono
jp_pg02,PG 02
jp_escort_hiburi_class_shisaka,Shisaka
cn_m8_greyhound,␗M8 LAC
cn_m3_m5_stuart_group,␗M3/M5
cn_m3a3_stuart,␗M3A3 Stuart
cn_m5a1_stuart,␗M5A1
cn_m24_chaffee,␗M24
cn_76_211_group,Object 211
cn_object_211,Object 211
cn_pt_76,␗PT-76
cn_m18_hellcat,␗M18 GMC
cn_type_63_62_group,Type 63/62
cn_type_63_I,Type 63
cn_type_62,Type 62
cn_zts_type_group,ZTS/ZBD
cn_zts_63_1980,ZTS63
cn_type_86,ZBD86
cn_m_41d,M41D
cn_m60a3_tts,␗M60A3 TTS
cn_cm11,CM11
cn_mbt2000,MBT-2000
cn_wz_1001,WZ1001(E) LCT
cn_vt_4b,VT4A1
cn_t_26_1940,␗Т-26
cn_type_97_chi_ha,␗Chi-Ha
cn_type_97_kai,␗Chi-Ha Kai
cn_m4a4_sherman,␗M4A4
cn_t_34_m4_group,T-34/M4A1
cn_t_34_1942,␗Т-34 (1943)
cn_m4a1_76w_sherman,␗M4A1 (75) W
cn_t_34_85_group,T-34-85/85Gai
cn_t_34_85_d_5t,␗Т-34-85 (S-53)
cn_type_58,Т-34-85 Gai
cn_is_2_group,ИС-2 1943/1944
cn_is_2_1943,␗IS-2
cn_is_2_1944,␗IS-2 (1944)
cn_m48a1_patton_III,␗M48A1
cn_type_59_69_group,Type 59/69
cn_type_59,Type 59
cn_type_69,Type 69
cn_type_59d,ZTZ59D1
cn_ztz_88_group,ZTZ88 B/A
cn_ztz_88b,ZTZ88B
cn_ztz_88a,ZTZ88A
cn_ztz_96,ZTZ96
cn_ztz_96a,ZTZ96A
cn_ztz_99_group,ZTZ99-II/III
cn_ztz_99,ZTZ99-II
cn_ztz_99_w,ZTZ99-III
cn_ztz_99a,ZTZ99A
cn_sdkfz_222_early,␗Sd.Kfz.222
cn_gmc_cckw_353_m45_quad,CCKW 353 (M45)
cn_m42_duster,␗M42
cn_type_65_aa,Phòng không T-34
cn_zsd63_pg87,ZSD63/PG87
cn_zsl_92,ZSL92
cn_wz_305,WZ305
cn_pgz_09,PGZ09
cn_pgz_04a,PGZ04A
cn_antelope_tc_1l_ads,Antelope
cn_tor_hq_group,Tor/HQ
cn_tor_m1,Tor-M1
cn_hq_17,HQ17
cn_pgz_625_fb10,CS/SA5
cn_m8_scott,␗M8 HMC
cn_su_76m_1943,␗SU-76M
cn_lvt_4_zis_2,LVT(A)(4) (ZiS-2)
cn_m10,␗M10 GMC
cn_isu_152,␗ISU-152
cn_m36_isu_group,M36/ISU-122
cn_m36,␗M36 GMC
cn_isu_122,␗ISU-122
cn_su_100_1945,␗SU-100
cn_plz_83,PLZ83
cn_plz_05,PLZ05
cn_m113a1_tow,␗M113A1 (TOW)
cn_cm_ptz_group,CM25/PTZ89
cn_cm_25,CM25
cn_ptz_89,PTZ89
cn_ptl_aft_group,PTL02/AFT09
cn_ptl_02,PTL02
cn_hj_9,AFT09
cn_ztl_11,ZLT11
cn_zbd_04a,ZBD04A
cn_t_26_no531,Т-26 №531
cn_m3a3_stuart_1st_ptg,␗M3A3 (1st PTG)
cn_m4a4_sherman_1st_ptg,␗M4A4 (1st PTG)
cn_m41_a3_walker_bulldog,␗M41A3
cn_type_64,M64
cn_t_34_85_zis_53_no215,Т-34-85 №215
cn_is_2_1943_no402,IS-2 №402
cn_ztz_59a,ZTZ59A
cn_type_69_2a,Type 69-IIa
cn_object_122tm,Object 122MT «MC»
cn_wma_301,WMA301
cn_type_69_2g,T-69 II G
cn_ztz_96a_prot,ZTZ96A (P)
cn_qn506,QN506
cn_vt_5,VT5
cn_bt_5,БТ-5
cn_type_95_ha_go,Ha-Go
cn_wz_141,WZ141-1
cn_plz_83_130,PLZ83-130
cn_t_62,Т-62 №545
cn_ztz_96a_race,ZTZ96A
cn_t_80ud_478be,T-80UD/DU1
cn_al_khalid_1,Al-Khalid-I
z_11wa,Z-11WA
z_9w,Z-9W
z_9wa,Z-9WA
z_19,Z-19
z_10,Z-10
z_10me,Z-10ME
sa_342l_china,SA.342L Gazelle
oh_58d_china,␗OH-58D
ah_1w_china,␗AH-1W
mi_35m_pakistan,▄Mi-35M
z_19e,Z-19E
z_10a,Z-10A
gladiator_mk1_china,␗Gladiator Mk.I
ki_27_group,Ki-27/Ki-43
ki-27_otsu_china,␗Ki-27 otsu
ki_43_3_ko,␗Ki-43-III ko
cw_21,CW-21
p-66,P-66
p_40_china_group,␗P-40/P-43
p-40e_china,␗P-40E-1
p-43a-1_china,␗P-43A-1
p_47_china_group,␗P-47D
p-47d_23_ra_china_rocaf,␗P-47D-23-RA
p-47d_30_china,␗P-47D-30
p_51_china_group,␗P-51
p-51d-20_china,␗P-51D-20
p-51k,␗P-51K
f_86_china_group,␗F-86F
f-86f-30_china,␗F-86F-30
f-86f-40_china,␗F-86F-40
f-100a_china,␗F-100A
f-104a_china,␗F-104A
f-104g_china,␗F-104G
f_5a_china_group,␗F-5
f-5a_china,␗F-5A
f-5e_aidc,␗F-5E
f_16a_block_20_mlu,␗F-16A MLU
j_10a,J-10A
mirage_2000_5ei,␗Mirage 2000-5Ei
i-15bis_china,␗I-15bis
i-16_china_group,I-16
i-16_chung_28,␗I-16 Chung 28
i-16_type5_1935_china,␗I-16 type 5
i-153_m62_china,␗I-153 M-62
i-16_type10_china,␗I-16 type 10
i-16_type17_china,␗I-16 type 17
ki_44_2_hei_china,␗Ki-44-II hei
ki_61_1a_otsu_china,␗Ki-61-I otsu
la-11_china,␗La-11
la-9_china,␗La-9
mig-9_china_group,MiG-9
mig-9_china,␗MiG-9
mig-9_late_china,␗MiG-9 (l)
mig-15_china_group,J-2/J-4
mig-15bis_nr23_china,J-2
mig-17_china,J-4
mig-19_china_group,J-6/J-7
mig-19j_6a,J-6A
j_7_mk2,J-7II
j_7e,J-7E
j_8b,J-8B
j_8f,J-8F
j_11_group,J-11
j_11,J-11
j_11a,J-11A
j_11b,J-11B
hs-123a-1_china,␗Hs 123 A-1
v_11g,V-11
v_12d,V-12D
a_29_hudson,A-29
mosquito_fb_mk26_china,Mosquito FB.Mk.26
p-38l_1_china_rocaf,␗P-38L-1
il-10_1946_china,␗IL-10 (1946)
f-84g_china,␗F-84G-21-RE
q_5_early,Q-5 early
q_5a,Q-5
q_5l,Q-5L
jh_7a,JH-7A
martin_139wc,Martin 139WC
db_3_china_group,␗DB-3/SB 2
db_3a_china,␗DB-3A
sb_2m_103u_china,␗SB 2M-103U
p1y1_mod11_china,␗P1Y1 mod. 11
b_25j_30_china,␗B-25J-30
pb4y-2_china,␗PB4Y-2
tu-2_postwar_china,␗Tu-2S-44
tu_4_china,␗Tu-4
il_28_china,H-5
hawk_iii,Hawk III
d_510c,D.510C
p-40c_china,H-81A-2
ki-45_hei_tei_china,␗Ki-45 hei/tei
a6m2_zero_china,␗A6M2
a6m5_zero_china,␗A6M5
ki_84_ko_china,␗Ki-84 ko
f-84g-31-re_china,␗F-84G-31-RE
mig-17_f5,Shenyang F-5
a_5c,A-5C
j_7d,J-7D
jf_17,JF-17
p-51c-11-nt_china,␗P-51C-11-NT
f_47n_25_re_china,␗F-47N-25-RE
pe-2-359_china,Пе-2-359
f_100f_china,␗F-100F
ucav_wing_loong_i,Wing Loong I
it_ab_41,AB 41
it_m11_39,M11/39
it_as_42_47,AS 42/47
it_ab_43,AB 43
it_m3a3_stuart,▄M3A3
it_m24_chaffee,▄M24
it_m44,▄M44
it_semovente_breda_501,Breda 501
it_m18_hellcat,▄M18
it_fiat_group,AUBL/FIAT
it_fiat_6616_cockerill,AUBL/74
it_fiat_6614_106sr,FIAT 6614
it_c13_t90,C13 T90
it_oto_r3_106sr,R3 T106 FA
it_vcc_80_hitfist_60,VCC-80/60
it_centauro_105_group,Centauro 105/105R
it_b1_centauro,Centauro I 105
it_b1_centauro_romor,Centauro I 105 R
it_centauro_mgs_120,Centauro I 120
it_l6,L6/40
it_m13_40_group,M13/40 I/III
it_m13_40_serie_1,M13/40 (I)
it_m13_40_serie_3,M13/40 (III)
it_m14_41,M14/41
it_m15_pz_3_group,M15/Pz.III
it_m15_42,M15/42
it_pzkpfw_III_ausf_N,▄Pz.III N
it_p_40,P40
it_m4a4_sherman,▄Sherman V
it_sherman_VII,Sherman Ic
it_sherman_vc_firefly,▄Sherman Vc
it_m26a1_pershing,M26A1
it_m47_105,M47 (105/55)
it_of_leo_group,OF/Leopard
it_of_40_mk_1,OF-40
it_leopard_1a2,▄Leopard 1A2
it_of_40_mk_2a,OF-40 Mk.2A
it_leopard_1a5,▄Leopard 1A5
it_c1_ariete_preserie,Ariete (P)
it_ariete_group,Ariete PSO/WAR
it_c1_ariete_pso,Ariete PSO
it_c1_ariete,Ariete
it_ariete_amv_pt1,Ariete AMV
it_as_42_metropolitana,AS 42
it_fiat_cm52,CM52
it_m15_42_contraereo,M42 Contraereo
it_leopard_bofors,Leopard 40/70
it_oto_r3_t20_fa,R3 T20 FA-HS
it_zsu_57_2,◔ZSU-57-2
it_zsu_23_4,◔ZSU-23-4V
it_otobreda_sidam_25,SIDAM 25
it_otobreda_sidam_25_mistral,SIDAM 25 (Mistral)
it_9a33_35_group,Osa/Strela
it_9a33bm3,▄Osa-AKM
it_9a35_m,Стрела-10М
it_otomatic,OTOMATIC
it_l3_cc,L3/33 CC
it_semovente_l40,47/32 L40
it_lancia3ro_100,Lancia 3Ro (100/17)
it_semovente_m41_group,M41/M42
it_semovente_m41_75_18,75/18 M41
it_semovente_m41_75_32,75/32 M41
it_semovente_m42_75_34,75/34 M42
it_semovente_m43_105_75_group,M43 105/75
it_semovente_m43_105,105/25 M43
it_semovente_m43_75_34,75/34 M43
it_semovente_stug_group,M41M/StuG
it_semovente_m41m_90,90/53 M41M
it_stug_III_ausf_G,▄StuG III G
it_semovente_m43_75_46,75/46 M43
it_m36b1,M36B1
it_m109g,▄M109G
it_m113a1_tow,M113A1 (TOW)
it_vbc_pt2,VBC (PT2)
it_dardo_group,Dardo/VCC
it_dardo_vcc,Dardo
it_vcc_80_hitfist_30,VCC-80/30
it_freccia,Freccia
it_39m_csaba,Csaba
it_40m_turan_1,Turan I
it_40_43m_zrinyi_2,Zrinyi II
it_43m_turan_3,Turan III
it_2s1,◔2S1
it_btr_80a_hungary,◔BTR-80A
it_t_72m1,◔T-72M1
it_leopard_2a4,◔Leopard 2A4
it_kf_41,KF41
it_leopard_2a7_hungary,Leopard 2A7HU
it_l6_leone,L6/40 (31 Rgt.)
it_m13_40_serie_2,M13/40 (II)
it_m14_41_47_40,M14/41 (47/40)
it_sahariano,Celere Sahariano
it_semovente_m43_105_leoncello,"M43 ""G.C.Leoncello"""
it_sherman_75_37,▄Sherman I Composito
it_pzkpfw_IV_ausf_G,▄Pz.IV G
it_pzkpfw_VI_ausf_e_tiger,Tigris
it_m26_ariete,"M26 ""D.C.Ariete"""
it_pzh_2000_hu,PzH 2000HU
it_m60a1_ariete,"M60A1 ""D.C.Ariete"""
it_aubl_74_60_70m,AUBL/74 HVG
it_of_40_mtca,OF-40 (MTCA)
it_vrcc_centauro,VRCC
it_centauro_rgo_120,Centauro RGO
it_c1_ariete_certezza,Ariete Сertezza
it_toldi_II_a,Toldi IIA
it_41m_turan_2,Turan II
it_p_26_40,"P40 ""G.C. Leoncello"""
it_44m_zrinyi_1,Zrinyi I
it_breda_52_autocannone,Breda 90/53
it_fiat_6614_firos,FIROS 6
ab_205a_1,AB 205 A-1
mi_24d_hungary,◔Mi-24D
a_109_eoa2,A.109EOA-2
mi_24v_hungary,◔Mi-24V
a_129_cbt,A129CBT
a_129_d,AH-129D
t_129_atak,T129
mi_24p_hungary,◔Mi-24P
a_129_a,A-129 International (p)
ro_44,Ro.44
re_2000_group,Re.2000
re_2000_int,Re.2000 серия 1
re_2000_ga,Re.2000 G.A.
re_2002_early,Re.2002 Early
re_2001_group,Re.2001
re_2001_serie1,Re.2001 serie 1
re_2001_cb,Re.2001 CB
re_2001_cn,Re.2001 CN
g_55_serie1_ss0,G.55 подсерия 0
g_55_serie_group,G.55/Re.2005
g_55_serie1,G.55 серия 1
re_2005_serie0,Re.2005 serie 0
g_56,G.56
vampire_fb52a_italy,Vampire FB 52A
f-86_cl_13_mk4_italy,CL-13 Mk.4
f-86k_late_italy,▄F-86K
f-104g_italy,▄F-104G
f-104s,F-104S
f-104s_asa,F-104S.ASA
f_16a_block_15_adf_italy,▄F-16A ADF
ef_2000a,F-2000A
cr_32_group,CR.32
cr_32,CR.32
cr_32_quater,CR.32 quater
fiat_cr42_italy,CR.42
fiat_g50_italy_group,G.50
fiat_g50_seria2_italy,G.50 серия 2
fiat_g50_seria7as_italy,G.50 AS серия 7
mc_200_italy_group,C. 200
mc200_serie3_italy,C. 200 серия 3
mc200_serie7_italy,C. 200 серия 7
mc_202_italy_group,C. 202/C. 205 (р)
mc-202_italy,C. 202
mc-205_serie1,C. 205 серия 1
mc-202_ec,C. 202EC
mc-205_n2,C. 205N2
mc-205_serie3,C. 205 серия 3
bf-109g-14as,▄Bf 109 G-14/AS
fiat_g91_group,G.91
fiat_g91_ps,G.91 pre-serie
fiat_g91_r1,G.91 R/1
sagittario_2,Sagittario 2
fiat_g91y_group,G.91 Y
fiat_g91_y,G.91 Y
fiat_g91_ys,G.91 YS
amx,AMX
tornado_adv,Tornado ADV
ba_65_group,Ba.65/▄Ju 87
ba_65_k14_l,Ba.65 (K.14) L
ju-87r-2_italy,▄Ju 87 R-2
breda_group,Breda 88/P.108
breda_88,Breda 88 (P.XI)
p_108a_serie2,P.108A серия 2
fc_20_bis,F.C.20
ju-87d-3_italy,▄Ju 87 D-3
sm_91,SM.91
sm_92,SM.92
p-47d_30_italy,▄P-47D-30
il-10_1946_hungary,◔IL-10
f-84g_italy,▄F-84G-21-RE
f-84f_italy,▄F-84F
tornado_ids_it,▄Tornado IDS
tornado_ids_it_group,Tornado IDS
tornado_ids_it_mod95,▄Tornado IDS (1995)
tornado_ids_it_ret8,▄Tornado IDS MLU (RET.8)
av_8b_plus_italy,▄AV-8B Plus
s_81_ar125,S.81
br_20_dr_group,B.R.20
br_20_dr,B.R.20DR
br_20m_m1,B.R.20M M1
sm_79_italy_group,S.M.79 (р)
sm_79_1936_italy,S.M.79 серия 1
sm_79_1939_italy,S.M.79 серия 8
sm_79_1941_group,sm_79_1941_group
sm_79_1941_italy,S.M.79 AS
sm_79_1943_italy,S.M.79 bis/T.M
sm_79_iar_italy,S.M.79 B
z_1007_group,Z.1007
z_1007_bis_serie3,Z.1007 bis серия 3
z_1007_bis_serie5,Z.1007 bis серия 5
p_108_group,P.108B
p_108b_serie1,P.108B серия 1
p_108b_serie2,P.108B серия 2
tu-2_postwar_late_hungary,◔Tu-2S-59
il_28_hungary,◔IL-28
su_22m3_hungary,◔Su-22M3
yak-9p_hungary,◔Yak-9P
mig-15bis_nr23_hungary,◔MiG-15bis
mig-17pf_hungary,◔MiG-17PF
mig-21_hungary_group,◔MiG-21
mig-21_mf_hungary,◔MiG-21MF
mig-21_bis_sau_hungary,◔MiG-21bis-SAU
mig_23mf_hungary,◔MiG-23MF
mig_29_9_12b_hungary,◔MiG-29
saab_jas39c_hungary,◔JAS39EBS HU C
fiat_cr42_marcolin_italy,CR.42 CN Марколина
cr_32_bis,CR.32 bis
he_112b_1_italy,He 112 B-1/U2
re_2000_ga_ep,Re.2000 G.A. Red 5
re_2001_serie1_ep,Re.2001 gruppo 22
hs-129b-2_romania_italy,Hs 129 B-2 (Румыния)
spitfire_mk5b_italy,▄Spitfire Mk.Vb/trop
bf-109g-2_hungary,◐Bf 109 G-2
g_55s,G.55S
fiat_g91_r4,G.91 R/4
ariete,Ariete
iar_93b,IAR-93B
amx_a_1a_brazil,AMX A-1A
f-104s_cb,▄F-104S TAF
mig_29_9_12_sniper,MiG-29 Sniper
ro_43,Ro.43
iar_81c,IAR-81C
ro_57_quadriarma,Ro.57 Quadriarma
mc-202_d,C. 202D
bf_110g_4_hungary,◐Bf 110 G-4
bf-109f-4_hungary,◐Bf 109 F-4
it_destroyer_turbine,RN Turbine
it_destroyer_dardo,RN Dardo
it_destroyer_leone_class,RN Leone
it_destroyer_soldati_serie1_camicianera,RN Corazziere
it_destroyer_navigatori_class_verazzano,RN Da Verazzano
it_cruiser_bartolomeocolleoni_1940,RN Bartolomeo Colleoni
it_cruiser_montecuccoli,RN Raimondo Montecuccoli
it_cruiser_eugenio_di_savoia,RN Eugenio di Savoia
it_cruiser_garibaldi_class_abruzzi,RN Duca degli Abruzzi
it_battleship_dante_alighieri,RN Dante Alighieri
it_battleship_francesco_caracciolo,RN Francesco Caracciolo
it_battleship_conte_di_cavour,RN Conte di Cavour
it_battleship_littorio_class_roma,RN Roma
it_destroyer_vifor_class_aquila,RN Aquila
it_destroyer_maestrale_class_grecale,Grecale
it_destroyer_comandanti_medaglie_doro,RN Comandante Margottini
it_destroyer_impetuoso_class_impetuoso,Impetuoso
it_cruiser_etna_class,RN Etna
it_cruiser_capitani_romani_class_attilio_regolo,RN Attilio Regolo
it_cruiser_trento,RN Trento
it_cruiser_bolzano,RN Bolzano
it_cruiser_zara_class,RN Zara
it_battleship_andrea_doria,RN Andrea Doria
it_battleship_caio_duilio,RN Duilio
it_destroyer_aquilone,RN Aquilone
it_destroyer_fletcher_geniere,Geniere
it_destroyer_leone_class_tigre,RN Tigre
it_destroyer_soldati_serie1_geniere,RN Geniere
it_cruiser_zara_class_pola,RN Pola
it_battleship_leonardo_da_vinci,RN Leonardo da Vinci
it_destroyer_soldati_serie1,RN Aviere
it_mas_classe500_3_1944,MAS 561
it_vas_baglietto_68t_1serie,VAS 201
it_ms15_1a,MS-15
it_mas_stefano_turr,Stefano Turr
it_a1_vosper,GIS 811
it_ms473_2a,MS-472
it_mc490_folgore,MC-490
it_alano_9851,Alano
it_p494_saetta,Saetta P-494
it_mas_classe500_3,MAS 555
it_ms53_2a,MS-53
it_mas441,MAS 441
it_ms471_1a,MV-611
it_ms473_2a_art,MS-473
it_gabbiano_class,RN Gabbiano
it_ciclone_class_ghibli,RN Ghibli
it_albatros_class_f543,Albatros
it_mas_classe500_4,MAS 569
it_ms444,MS 444
it_mc_485,MC-485
it_gabbiano_class_c16,Folaga
it_p420_sparviero,Sparviero
it_albatros_class_f544,Alcione
it_p493_freccia,Freccia P-493
fr_hotchkiss_fcm_group,AMC/H.35/FCM
fr_amc_34,AMC.34 YR
fr_hotchkiss_h35,H.35
fr_fcm_36,FCM.36
fr_amd_35,AMD.35
fr_amc_35,AMC.35 (ACG.1)
fr_amd_35_kwk39,AMD.35 (PaK)
fr_crusader_mk_2,▄Crusader Mk.II
fr_amx_13_fl_11,AMX-13 (FL11)
fr_panhard_ebr_1951,E.B.R. (1951)
fr_amx_13_75,AMX-13
fr_aml_amx_group,AML/AMX
fr_aml_90,AML-90
fr_amx_13_90,AMX-13-90
fr_marder_df_105,DF105
fr_mars_hot_group,MARS/AMX
fr_mars_15,MARS 15
fr_amx_13_hot,AMX-13 (HOT)
fr_amx_sk_group,AMX/SK
fr_amx_10rc,AMX-10RC
fr_sk105_a2,SK-105A2
fr_vbci,VBCI
fr_vextra_105,Vextra 105
fr_saint_chamond,St-Chamond
fr_hotchkiss_h39,H.39
fr_somua_s35,S.35
fr_m3a3_stuart,▄M3A3 Stuart
fr_m4a1_sherman,▄M4A1
fr_m4a4_sherman,▄M4A4
fr_m4a4_cn_75_50,M4A4 (SA50)
fr_m26_pershing,▄M26
fr_lorraine_bat_group,Lorraine/Char
fr_lorraine_40t,Lorraine 40t
fr_bat_chat_25t,Char 25t
fr_amx_30_1972,AMX-30 (1972)
fr_amx_30_group,AMX-30 B2/BRENUS
fr_amx_30_b2,AMX-30B2
fr_amx_30_b2_brenus,AMX-30B2 BRENUS
fr_msc,MSC
fr_leclerc_group,Leclerc S1/S2
fr_leclerc_s1,Leclerc
fr_leclerc_s2,Leclerc S2
fr_leclerc_sxxi,Leclerc SXXI
fr_leclerc_azur,Leclerc AZUR
fr_renault_r39,R.35 (SA38)
fr_renault_d2,D2
fr_b1_2c_group,B1/2C
fr_b1_bis,B1 bis
fr_char_2c,2C
fr_arl_44_acl1,ARL-44 (ACL-1)
fr_arl_jumbo_group,ARL/M4A3E2
fr_arl_44,ARL-44
fr_m4a3e2_sherman_jumbo,▄M4A3E2
fr_amx_m4,AMX M4
fr_amx_50,AMX-50 (TOA100)
fr_amx_50_surbaisse,AMX-50 Surbaissé
fr_amx_32_group,AMX-32 105/120
fr_amx_32_105,AMX-32 (105)
fr_amx_32,AMX-32
fr_amx_40,AMX-40
fr_leopard_2a4nl,Leopard 2A4NL
fr_leopard_2a5nl,Leopard 2A5NL
fr_leopard_2a6nl,Leopard 2A6NL
fr_citroen_kegresse_p4t,P.7.T AA
fr_cckw_353_bofors,CCKW 353 AA
fr_amx_vtt_dca,VTT DCA
fr_amx_13_dca_40,AMX-13 DCA 40
fr_tpk_641_vpc,TPK 6.41
fr_amx_10p,AMX-10P
fr_amx_30_dca,AMX-30 S DCA
fr_vab_santal,SANTAL
fr_amx_30_roland,Roland 1
fr_crotale_ng,▄ItO 90M
fr_amr_35_zt3,AMR.35 ZT3
fr_lorraine_37l,Lorraine 37L
fr_somua_sau40,SAu 40
fr_m4a3_105_sherman,▄M4A3 (105)
fr_m10,▄M10 GMC
fr_m44,▄M44
fr_m36b2_cefeo,▄M36B2
fr_lorraine_elc_group,Lorraine/ELC
fr_lorraine_100,CA Lorraine
fr_amx_elc_bis,ELC bis
fr_auf_acra_group,AuF/ACRA
fr_amx_30_auf_1,AuF1
fr_amx_10m_acra,AMX-10M
fr_amx_50_foch,AMX-50 Foch
fr_amx_30_ACRA,AMX-30 ACRA
fr_vcac_mephisto,MEPHISTO
fr_hotchkiss_h39_cambronne,"H.39 ""Cambronne"""
fr_char_2c_bis,2C bis
fr_b1_ter,B1 ter
fr_amx_13_chaffee,AMX-13-M24
fr_m4a1_sherman_fl_10,M4A1 (FL10)
fr_pzkpfw_V_panther_dauphine,"Panther ""Dauphiné"""
fr_amx_13_75_ss11,AMX-13 (SS.11)
fr_somua_sm,Somua SM
fr_marder_clovis,CLOVIS
fr_amx_30,AMX-30
fr_amx_30_super,AMX-30 Super
fr_vbci2_mct30,VBCI-2 (MCT30)
fr_cv_9035_nl,CV 9035NL
fr_leopard_2a4nl_les,Leopard 2 (OTCo)
fr_amd_35_sa35,AMD.35 (SA35)
fr_lvt_bofors,LVT-4/40
fr_lorraine_155,Lorraine 155 Mle.50
fr_panhard_ebr_1954,E.B.R. (1954)
fr_m46_patton,▄M46
fr_panhard_ebr_1963,E.B.R. (1963)
fr_amx_50_surblinde,AMX-50 Surblindé
fr_amx_50_1950,AMX-50 (TO90/930)
h_34_france,▄H-34
sa_316b,SA 316B Alouette III
sa_341f,SA.341F Gazelle
sa_342m,SA.342M Gazelle
tiger_group,Tiger HAD/Tiger HAC
tiger_had_france,EC-665 Tiger HAD
tiger_hac_france,EC-665 Tiger HAC
tiger_had_block2_france,Tiger HAD Block 2
sa_313b_france,SA 313B Alouette II
iar_316b,IAR 316B
tiger_hap_france,EC-665 Tiger HAP
ah_64d_netherlands,◘AH-64D
d_371_group,D.371
d_371,D.371
d_373,D.373
caudron_cr714,C.R.714
ms_405_406_group,M.S.405/406
ms_405c1,M.S.405C1
ms_406c1,M.S.406C1
ms_410c1,M.S.410
vg_33_group,V.G.33C/D.520
vg_33,V.G.33C-1
d_520_france,D.520
vb_10c1,VB.10C-1
vb_10_02,VB.10-02
seafire_mk3_france,▄Seafire LF Mk.III
sea_fury_fb51,◘Sea Fury FB.51
md_450b_group,M.D.450B
md_450b_ouragan,M.D.450B Ouragan
md_450b_barougan,M.D.450B Barougan
md_452_group,M.D.452
md_452_mystere_2a,M.D.452 IIA
md_452_mystere_2c_preproduction,M.D.452 IIC
md_454_group,M.D.454/M.D.460
md_454_mystere_4a,Mystere IVA
md_460,Super Mystere B2
mirage_3_group,Mirage III
mirage_3c,Mirage IIIC
mirage_3e,Mirage IIIE
mirage_f1c,Mirage F1C
mirage_2000c_s5,Mirage 2000C-S5
mirage_2000_5f,Mirage 2000-5F
rafale_c_f3,Rafale C F3
d_500_group,D.500
d_500,D.500
d_501,D.501
h-75_france_group,H-75
h-75a-1_france,H-75A-1
h-75a-4_france,H-75A-4
potez_group,Potez
potez_630,Potez 630
potez_631,Potez 631
f6f-5_france,▄F6F-5
mb_157,M.B.157
p-63c-5_france,▄P-63C-5
f6f-5n_france,▄F6F-5N
f8f1b_france,▄F8F-1B
so_4050_vautour_2n_late,S.O.4050 Vautour IIN (Late)
f-86k_late,▄F-86K
alpha_jet_e,Alpha Jet E
f-8e_fn,▄F-8E(FN)
mirage_4000,Mirage 4000
v_156_f,V-156-F
br_693_ab2,Br.693AB2
a-35b,▄A-35B
mb_175t,M.B.175T
sb2c_5_france,▄SB2C-5
douglas_ad_4_france,▄AD-4
f4u-7,F4U-7
f-84g_france,▄F-84G-26-RE
f-84f_france,▄F-84F
f-100d_france,▄F-100D
mirage_5f,Mirage 5F
mirage_f1ct,Mirage F1CT
potez_633,Potez 633
f_222_2,F.222.2
maryland_group,Martin 167/M.B.174A
maryland_mk1_france,Martin 167-A3
mb_174_a3,M.B.174A-3
nc_223_3,N.C.223.3
leo_451_group,LeO 451
leo_451_early,LeO 451 early
leo_451_late,LeO 451 late
b_26c_france,B-26C
mb_162,M.B.162
pb4y-2_france,▄PB4Y-2
lancaster_mr7_france,Lancaster MR.7
so_4050_vautour_group,S.O.4050 Vautour II
so_4050_vautour_2b,S.O.4050 Vautour IIB
so_4050_vautour_2a,S.O.4050 Vautour IIA
etndard_4m,Etendard IVM
super_etendard_97,Super Etendard
jaguar_a,Jaguar A
mirage_2000d_r1,Mirage 2000D-R1
mirage_2000d_rmv,Mirage 2000D-RMV
gladiator_mk1_belgium,▄Gladiator Mk.I
fokker_d21_netherlands,◗Fokker D.XXI
fokker_g1a,◗Fokker G.IA
firefly_mk4_netherlands,◘Firefly F.Mk.IV
spitfire_fr_mk14e_belgium,▄Spitfire FR Mk.XIVe
meteor_fmk8_belgium,▄Meteor F Mk.8
hunter_f6_holland,◘Hunter F.6
mirage_5ba,▄Mirage 5BA
f-104g_belgium,▄F-104G
f_16a_block_15_belgium,▄F-16A
f_16am_block_15_mlu_belgium,▄F-16AM
d_510,D.510 Пальера
pby-5a_late_france,▄PBY-5A Late
loire_130,Loire 130С
p-40f-5_france_ep,▄P-40F-5 Lafayette
mb_152c1,M.B.152C1
p-47d_22_re_france,▄P-47D-22-RE
yak-9t_france,▄Yak-9Т Шалля
yak-3_france,▄Yak-3
so_8000_narval,S.O.8000 Narval
douglas_ad_4na_france,▄AD-4NA
sea_hawk_fga50_netherlands,◘Sea Hawk Mk.50
so_4050_vautour_2n,S.O.4050 Vautour IIN
mirage_milan,Milan
nf_5a_netherlands,◘NF-5A
mirage_f1c_200,Mirage F1C-200
mirage_2000c_s4,Mirage 2000C-S4
late_298d,Late 298D
d_371_hs9,D.371 H.S.9
gl_832,GL.832HY
mb_151c1,M.B.151C.1
p-39q_25_france,▄P-39Q-25
p-51c-10_france,F-6C-10-NA
sb_25j_netherlands,◘SB-25J
fw-190a-8_france,NC.900
f-84f_iaf,F-84F IAF
so_4050_vautour_2a_iaf,Vautour IIA IDF/AF
md_460_yt_cup_2019,␙Super Mystere B2
jaguar_e,Jaguar E
fr_destroyer_bourrasque_class_bourrasque,Bourrasque
fr_destroyer_hunt_3series,La Combattante
fr_destroyer_aigle_class_vautour,Vautour
fr_destroyer_vauquelin_class_vauquelin,Vauquelin
fr_cruiser_chateaurenault_class_guichen,Guichen
fr_destroyer_le_fantasque_class_le_malin,Le Malin
fr_destroyer_mogador_class_mogador,Mogador
fr_cruiser_suffren_class_colbert,Colbert
fr_battleship_courbet_class_paris,Paris
fr_battleship_bretagne_class_lorraine,Lorraine
fr_battleship_dunkerque,Dunkerque
fr_battleship_richelieu_class_richelieu,Richelieu
fr_destroyer_jaguar_class_leopard,Leopard
fr_destroyer_jaguar_class_chacal,Chacal
fr_destroyer_desaix_class_kleber,Kleber
fr_destroyer_aigle_class_milan,Milan
fr_destroyer_marceau_class_marceau,Marceau
fr_cruiser_jeanne_darc,Jeanne d'Arc
fr_cruiser_dugauy_class_primaguet,Primauguet
fr_cruiser_emile_bertin,Emile Bertin
fr_cruiser_la_galissoniere_class_la_galissoniere,La Galissonnière
fr_battleship_bretagne_class_bretagne,Bretagne
fr_destroyer_jaguar_class_panthere,Panthere
fr_destroyer_bourrasque_class_tornade,Tornade
fr_destroyer_aigle_class_aigle,Aigle
fr_destroyer_le_fantasque_class_le_triomphant,Le Triomphant
fr_cruiser_dugauy_class_dugauy_trouin,Duguay-Trouin
fr_cruiser_suffren_class_dupleix,Dupleix
fr_battleship_courbet_class_courbet,Courbet
fr_battleship_strasbourg,Strasbourg
fr_vtb_group,VTB-8/11/14
fr_vtb8,VTB-8
fr_vtb11,VTB-11
fr_vtb14,VTB-14
fr_vtb12_mod,VTB-12
fr_vtb18,VTB-18
fr_type40k_vedette,VTB-19
fr_arras_class_arras,Arras
fr_vlt1,VLT-1
fr_p730_combattante,La Combattante
fr_vtb13,VTB-13
fr_mtb96_vosper,MTB-96
fr_flower_class_aconit,Aconit
fr_lcg_m_l9059,L9059
fr_marne_class_marne,Marne
fr_frigate_croix_de_lorraine_class_la_surprise,La Surprise
fr_vtb10,VTB-10
fr_vtb9,VTB-9
fr_arras_class_amiens,Amiens
fr_vlt2,VLT-2
sw_strv_m31,Strv m/31
sw_bt_42,BT-42
sw_strv_m41_s2,Strv m/41 S-II
sw_pvkv_III,Pvkv III
sw_m24_chaffee_dk,M24DK
sw_pvkv_II,Pvkv II
sw_pbv_501,Pbv 501
sw_ikv_91,Ikv 91
sw_landsverk_ush_405,U-SH 405
sw_ikv_91_105,Ikv 91-105
sw_cv_90_ifv_group,CV30FIN/Strf 40B
sw_cv_9030_fin,CV 9030FIN
sw_strf_90b,Strf 9040B
sw_strf_90c,Strf 9040C
sw_cv_90120,CV 90120
sw_strv_m38,Strv m/38
sw_strv_m40l,Strv m/40L
sw_lago_1,Lago I
sw_strv_m42_eh,Strv m/42 EH
sw_pvkv_iv,Pvkv IV
sw_strv_m42_delat_torn,Strv m/42 DT
sw_strv_74,Strv 74
sw_strv_81,Strv 81
sw_strv_101_103a_group,Strv 101/103A
sw_strv_101,Strv 101
sw_strv_103a,Strv 103A
sw_strv_104_103c_group,Strv 104/103C
sw_strv_104,Strv 104
sw_strv_103c,Strv 103С
sw_strv_105,Strv 105
sw_strv_121,Strv 121
sw_strv_122_group,Strv 122/122 PLSS
sw_strv_122,Strv 122A
sw_strv_122b_plss,Strv 122B PLSS
sw_strv_122b_plus,Strv 122B+
sw_pvlvv_fm42,Pvlvv fm/42
sw_pbv_301,Pbv 301
sw_tgdgb_m40_lv,Lvtdgb m/40
sw_l_62_anti_II,L-62 ANTI II
sw_lvkv_42,Lvkv 42
sw_landsverk_ush_204_gk,U-SH 204 GK
sw_zsu_57_2,▄ZSU-57-2
sw_veak_40,VEAK 40
sw_itpsv_90,ItPsV Leopard
sw_lvrbv_701,Lvrbv 701
sw_lvkv_asrad_group,Lvkv/ASRAD
sw_lvkv_90c,Lvkv 9040C
sw_asrad_r,ASRAD-R
sw_crotale_ng,ItO 90M
sw_eldenhet_98,EldE 98
sw_ikv_72,Ikv 72
sw_sav_m43_1944,Sav m/43 (1944)
sw_stormpjas_fm43_44,Spj fm/43-44
sw_sav_m43_1946,Sav m/43 (1946)
sw_pvkv_ikv_group,Pvkv/Ikv
sw_pvkv_m43_1946,Pvkv m/43 (1946)
sw_ikv_103,Ikv 103
sw_pvkv_m43_1963,Pvkv m/43 (1963)
sw_bkan_1c,Bkan 1C
sw_pvrbv_551,Pvrbv 551
sw_udes_pbv_group,UDES/Pbv
sw_udes_33,UDES 33
sw_pbv_302_bill,Pbv 302 (BILL)
sw_strf_9056,Strf 9040 BILL
sw_cv_90_mk4,CV 90 Mk.IV
sw_vickers_mk_e_37,Vickers Mk.E
sw_t_28,▄Т-28
sw_t_34_pz_4_group,T-34/Pz.IV
sw_t_34_1941,▄Т-34
sw_pzkpfw_IV_ausf_J,▄Pz.IV
sw_pt_76_comet_group,PT/Comet
sw_pt_76b,▄PT-76
sw_a_34_comet,▄Comet I
sw_t_34_85_zis_53,▄Т-34-85
sw_charioteer_mk_7,▄Charioteer Mk.VII
sw_t_54_1951,▄Т-54
sw_t_55m,▄T-55M
sw_t_72m1,▄Т-72М1
sw_leopard_2a4_fin,▄Leopard 2A4
sw_leopard_2a6nl,▄Leopard 2A6
sw_strv_m39,Strv m/39
sw_vickers_mk_e_45,▄T-26E
sw_strv_m41_s1,Strv m/41 S-I
sw_ikv_73,Ikv 73
sw_sav_fm48,SAV 20.12.48
sw_sherman_3_4,Sherman III/IV
sw_kungstiger,Kungstiger
sw_strv_81_rb52,Strv 81 (RB 52)
sw_strv_103_0,Strv 103-0
sw_leopard_1a5no,Leopard 1A5NO2
sw_cv_9035_dk,CV 9035DK
sw_cv_90105_tml,CV 90105
sw_strv121b_christian2,Christian II
sw_t_80u,T 80 U
sw_strv_m39_td,Strv m/39 TD
sw_pbil_m40,Pbil m/40
sw_kv_1_1942_fin,▄KV-1 m1942
sw_k9_vidar,VIDAR
sw_bmp_2md,BMP-2MD
sw_patria_amv_ctcv_105,CT-CV 105HP
hkp3c,HKP3C
hkp2,HKP2
hkp9a_cb2,HKP9A
hkp9a_cb3_fc,HKP9A (FC)
ahs,AHS
mi_28a_sweden,Mi-28A
gladiator_j8a_group,J8A/J6B
gladiator_j8a,J8A
j6b,J6B
fiat_cr42_j11,J11
re_2000_j20,J20
ffvs_j22_a,J22-A
ffvs_j22_b,J22-B
saab_j21a_group,J21A
saab_j21a_1,J21A-1
saab_j21a_2,J21A-2
saab_j21ra,J21RA
saab_j29a,J29A
saab_j29f,J29F
saab_j32b,J32B
saab_j35d,J35D
saab_ja37,JA37C
saab_ja37d_group,JA37D/DI
saab_ja37d,JA37D
saab_ja37di,JA37DI
saab_jas39a,JAS39A
saab_jas39c,JAS39C
saab_b17bs,S17BS
saab_b17a_group,B17
saab_b17b,B17B
saab_b17a,B17A
saab_a21a_3,A21A-3
saab_a21rb,A21RB
saab_j29b,A29B
saab_a32a,A32A
saab_aj37,AJ37
saab_ajs37,AJS37
he_115a_2_sweden,T 2
saab_b3c,B3C
saab_b18a,B18A
ju-88a-4_finland,▄Ju 88 A-4
saab_b18b,B18B
saab_t18b_group,T18B
saab_t18b_1,T18B
saab_t18b_2,T18B (57)
saab_sk60b,SK60B
saab_105g,SAAB-105G
fokker_d21_serie3_finland,▄Fokker D.XXI-3
b_239_finland,▄B-239
hurricane_mk1_late_finland,▄Hurricane Mk.I/L
p-51d-20-na_j26,J26
bf_109g_sweden_group,▄Bf 109G
bf-109g-2_finland,▄Bf 109 G-2
bf-109g-6_erla_finland,▄Bf 109 G-6 Erla
vampire_fb_group,Vampire
vampire_fb5_j28b,A28B
vampire_fb52_finland,▄Vampire FB 52A
hunter_f50_sweden,J34
mig_21_bis_finland,▄MiG-21bis
fa_18c_finland,▄F-18C
fa_18c_mlu_2_finland,▄F/A-18C MLU 2
gladiator_j8a_iacobi,J8A Якоби
arado-196a-5,▄Ar 196 A-5
fokker_d21_mod20,▄Fokker D.XXI
morko_morane,Mörkö-Morane
p-51b_7_sweden,J26 David
pyorremyrsky,VL Pyörremyrsky
bf-109g-6_finland,▄Bf 109 G-6
saab_105oe,SAAB-105OE
saab_j29d,J29D
saab_a32a_red_adam,A32A Röd Adam
saab_j35a,J35A
saab_j35xs,Saab J35XS
saab_f35_wdns,Saab F-35
f-5ag_norway,◢F-5A(G)
saab_ja37di_f21,JA37DI F21
j9_early,J9 Early
vl_myrsky_2_late,VL Myrsky II
il_m_51,M-51
il_magach_1_2_group,Magach 1/2
il_m48a1_patton_III,Magach 1
il_magach_2,Magach 2
il_magach_3_6_group,Magach 3/6
il_magach_3_idf,Magach 3
il_magach_6,Magach 6
il_magach_6a_5_group,Magach 6A/5
il_magach_6a,Magach 6A
il_magach_5,Magach 5
il_magach_6_group,Magach 6 R/B/Hydra
il_magach_6r,Magach 6R
il_magach_6b,Magach 6B
il_magach_6_rocket,Magach Hydra
il_magach_6m_c_group,Magach 6 M/C
il_magach_6m,Magach 6M
il_magach_6c,Magach 6C
il_magach_batash_7_group,Gal Batash/7C
il_magach_6b_gal_batash,Gal Batash
il_magach_7c,Magach 7C
il_sabra_mk1,Sabra Mk.I
il_amx_13_75,AMX-13
il_aml_90,AML-90
il_centurion_mk_5_shot,Sho't
il_tiran_4_group,Tiran 4/4S
il_tiran_4,Tiran 4
il_tiran_4_sh,Tiran 4S
il_centurion_shot_kal_alef,Sho't Kal Alef
il_centurion_shot_kal_gimel,Sho't Kal Gimel
il_tiran_6,Tiran 6
il_merkava_1_2_group,Merkava 1B/2B
il_merkava_mk_1b,Merkava Mk.1B
il_merkava_mk_2b_early,Merkava Mk.2B
il_merkava_3_group,Merkava 3 B/C
il_merkava_mk_3b,Merkava Mk.3B
il_merkava_mk_3c,Merkava Mk.3C
il_merkava_4_group,Merkava 4 B/LIC
il_merkava_mk_4b,Merkava Mk.4B
il_merkava_mk_4_lic,Merkava Mk.4 LIC
il_merkava_mk_4m,Merkava Mk.4M
il_tcm_20,TCM-20
il_zsu_57_2,ZSU-57-2
il_m163_vulcan,Hovet
il_zsu_23_4,ZSU-23-4V
il_machbet,Machbet
il_mim_72_chaparral,Imp.Chaparral
il_spyder_aio,SPYDER
il_m109,M109
il_rochev_tager_group,Rochev/Tager
il_m109a1,Rochev
il_ss_11_halftrack,Zachlam Tager
il_m113a1_tow,Giraf
il_namer_rcws_30,Namer 30
il_namer_tsrikhon,Namer Tsrikhon
il_m_51_w,M-51 (W)
il_sholef,Sholef
il_magach_3,Magach 3 (ERA)
il_centurion_shot_kal_d,Sho't Kal Dalet
il_magach_6b_gal,Magach 6B Gal
il_merkava_mk_2d,Merkava Mk.2D
il_merkava_mk_3_raam_segol,Ra'am Sagol
ah_1g_iaf,Tzefa A
ah_1q_iaf,Tzefa B
ah_1f_iaf,Tzefa D/E
ah_64a_iaf,Peten
ah_64d_i_saraph,Saraph
md_500_tow_late,Lahatut
ah_60_iaf,AH-60
ah_64a_peten_iaf,AH-64A Peten
spitfire_mk9c_iaf,Spitfire Mk.IXc
spitfire_lf_mk9e_iaf,Spitfire Mk.IX (CW)
meteor_nfmk13,Meteor NF.13
meteor_fmk8_iaf,Meteor F.8
md_454_mystere_4a_iaf,Mystere IVA
md_460_iaf_group,Super Mystere B2
md_460_sambad,Sambad
md_460_saar,Sa'ar
mirage_3cj,Shahak
kfir_c7,Kfir C.7
f_16a_block_10_iaf,Netz
f_16c_block_40_barak_2,F-16C Barak II
s_199,Sakeen
p-51d-20-na_iaf,P-51D-20-NA
md_450b_ouragan_iaf,M.D.450B Ouragan
a_4_iaf_group,A-4
a_4h,A-4H
a_4e_early_iaf,A-4E Early (M)
a_4n,Ayit
f-4e_iaf,Kurnass
f-4e_kurnass_2000,Kurnass 2000
f_15a_iaf,Baz
f_15c_baz_msip,Baz Meshupar
b-17g_iaf,B-17G
so_4050_vautour_iaf_group,S.O.4050 Vautour II
so_4050_vautour_2a_israel_iaf,Vautour IIA
so_4050_vautour_2n_iaf,Vautour IIN
nesher,Nesher
f_16d_block_40_barak_2,F-16D Barak II
f_15i_raam,F-15I Ra’am
spitfire_lf_mk9e_weisman,Spitfire LF Mk.IXe Вейцмана
meteor_frmk9_iaf,Meteor FR.9
f-84f_israel_iaf,F-84F
a_4e_late_iaf,A-4E
kfir_canard,Kfir Canard
kfir_c2,Kfir C.2
f_16a_block_10_netz_mod,Netz (Mod)
kfir_c10_colombia,◡Kfir C.10
